,phase,measurement,low_limit,high_limit,frequency
10,mic_1_fr,mic-1_fr_00100.0,-inf , +inf,100.0
11,mic_1_fr,mic-1_fr_00106.0,-inf , +inf,106.0
12,mic_1_fr,mic-1_fr_00112.0,-inf , +inf,112.0
13,mic_1_fr,mic-1_fr_00118.0,-inf , +inf,118.0
14,mic_1_fr,mic-1_fr_00125.0,-inf , +inf,125.0
15,mic_1_fr,mic-1_fr_00132.0,-inf , +inf,132.0
16,mic_1_fr,mic-1_fr_00140.0,-inf , +inf,140.0
17,mic_1_fr,mic-1_fr_00150.0,-inf , +inf,150.0
18,mic_1_fr,mic-1_fr_00160.0,-inf , +inf,160.0
19,mic_1_fr,mic-1_fr_00170.0,-inf , +inf,170.0
20,mic_1_fr,mic-1_fr_00180.0,-inf , +inf,180.0
21,mic_1_fr,mic-1_fr_00190.0,-inf , +inf,190.0
22,mic_1_fr,mic-1_fr_00200.0,-inf , +inf,200.0
23,mic_1_fr,mic-1_fr_00212.0,-inf , +inf,212.0
24,mic_1_fr,mic-1_fr_00224.0,-inf , +inf,224.0
25,mic_1_fr,mic-1_fr_00236.0,-inf , +inf,236.0
26,mic_1_fr,mic-1_fr_00250.0,-inf , +inf,250.0
27,mic_1_fr,mic-1_fr_00265.0,-inf , +inf,265.0
28,mic_1_fr,mic-1_fr_00280.0,-inf , +inf,280.0
29,mic_1_fr,mic-1_fr_00300.0,-inf , +inf,300.0
30,mic_1_fr,mic-1_fr_00315.0,-inf , +inf,315.0
31,mic_1_fr,mic-1_fr_00335.0,-inf , +inf,335.0
32,mic_1_fr,mic-1_fr_00355.0,-inf , +inf,355.0
33,mic_1_fr,mic-1_fr_00375.0,-inf , +inf,375.0
34,mic_1_fr,mic-1_fr_00400.0,-inf , +inf,400.0
35,mic_1_fr,mic-1_fr_00425.0,-inf , +inf,425.0
36,mic_1_fr,mic-1_fr_00450.0,-inf , +inf,450.0
37,mic_1_fr,mic-1_fr_00475.0,-inf , +inf,475.0
38,mic_1_fr,mic-1_fr_00500.0,-inf , +inf,500.0
39,mic_1_fr,mic-1_fr_00530.0,-inf , +inf,530.0
40,mic_1_fr,mic-1_fr_00560.0,-inf , +inf,560.0
41,mic_1_fr,mic-1_fr_00600.0,-inf , +inf,600.0
42,mic_1_fr,mic-1_fr_00630.0,-inf , +inf,630.0
43,mic_1_fr,mic-1_fr_00670.0,-inf , +inf,670.0
44,mic_1_fr,mic-1_fr_00710.0,-inf , +inf,710.0
45,mic_1_fr,mic-1_fr_00750.0,-inf , +inf,750.0
46,mic_1_fr,mic-1_fr_00800.0,-inf , +inf,800.0
47,mic_1_fr,mic-1_fr_00850.0,-inf , +inf,850.0
48,mic_1_fr,mic-1_fr_00900.0,-inf , +inf,900.0
49,mic_1_fr,mic-1_fr_00950.0,-inf , +inf,950.0
50,mic_1_fr,mic-1_fr_01000.0,-inf , +inf,1000.0
51,mic_1_fr,mic-1_fr_01060.0,-inf , +inf,1060.0
52,mic_1_fr,mic-1_fr_01120.0,-inf , +inf,1120.0
53,mic_1_fr,mic-1_fr_01180.0,-inf , +inf,1180.0
54,mic_1_fr,mic-1_fr_01250.0,-inf , +inf,1250.0
55,mic_1_fr,mic-1_fr_01320.0,-inf , +inf,1320.0
56,mic_1_fr,mic-1_fr_01400.0,-inf , +inf,1400.0
57,mic_1_fr,mic-1_fr_01500.0,-inf , +inf,1500.0
58,mic_1_fr,mic-1_fr_01600.0,-inf , +inf,1600.0
59,mic_1_fr,mic-1_fr_01700.0,-inf , +inf,1700.0
60,mic_1_fr,mic-1_fr_01800.0,-inf , +inf,1800.0
61,mic_1_fr,mic-1_fr_01900.0,-inf , +inf,1900.0
62,mic_1_fr,mic-1_fr_02000.0,-inf , +inf,2000.0
63,mic_1_fr,mic-1_fr_02120.0,-inf , +inf,2120.0
64,mic_1_fr,mic-1_fr_02240.0,-inf , +inf,2240.0
65,mic_1_fr,mic-1_fr_02360.0,-inf , +inf,2360.0
66,mic_1_fr,mic-1_fr_02500.0,-inf , +inf,2500.0
67,mic_1_fr,mic-1_fr_02650.0,-inf , +inf,2650.0
68,mic_1_fr,mic-1_fr_02800.0,-inf , +inf,2800.0
69,mic_1_fr,mic-1_fr_03000.0,-inf , +inf,3000.0
70,mic_1_fr,mic-1_fr_03150.0,-inf , +inf,3150.0
71,mic_1_fr,mic-1_fr_03350.0,-inf , +inf,3350.0
72,mic_1_fr,mic-1_fr_03550.0,-inf , +inf,3550.0
73,mic_1_fr,mic-1_fr_03750.0,-inf , +inf,3750.0
74,mic_1_fr,mic-1_fr_04000.0,-inf , +inf,4000.0
75,mic_1_fr,mic-1_fr_04250.0,-inf , +inf,4250.0
76,mic_1_fr,mic-1_fr_04500.0,-inf , +inf,4500.0
77,mic_1_fr,mic-1_fr_04750.0,-inf , +inf,4750.0
78,mic_1_fr,mic-1_fr_05000.0,-inf , +inf,5000.0
79,mic_1_fr,mic-1_fr_05300.0,-inf , +inf,5300.0
80,mic_1_fr,mic-1_fr_05600.0,-inf , +inf,5600.0
81,mic_1_fr,mic-1_fr_06000.0,-inf , +inf,6000.0
82,mic_1_fr,mic-1_fr_06300.0,-inf , +inf,6300.0
83,mic_1_fr,mic-1_fr_06700.0,-inf , +inf,6700.0
84,mic_1_fr,mic-1_fr_07100.0,-inf , +inf,7100.0
85,mic_1_fr,mic-1_fr_07500.0,-inf , +inf,7500.0
86,mic_1_fr,mic-1_fr_08000.0,-inf , +inf,8000.0
87,mic_1_fr,mic-1_fr_08500.0,-inf , +inf,8500.0
88,mic_1_fr,mic-1_fr_09000.0,-inf , +inf,9000.0
89,mic_1_fr,mic-1_fr_09500.0,-inf , +inf,9500.0
90,mic_1_fr,mic-1_fr_10000.0,-inf , +inf,10000.0
91,mic_1_fr,mic-1_fr_10600.0,-inf , +inf,10600.0
92,mic_1_fr,mic-1_fr_11200.0,-inf , +inf,11200.0
93,mic_1_fr,mic-1_fr_11800.0,-inf , +inf,11800.0
94,mic_1_fr,mic-1_fr_12500.0,-inf , +inf,12500.0
95,mic_1_fr,mic-1_fr_13200.0,-inf , +inf,13200.0
96,mic_1_fr,mic-1_fr_14000.0,-inf , +inf,14000.0
97,mic_1_fr,mic-1_fr_15000.0,-inf , +inf,15000.0
98,mic_1_fr,mic-1_fr_16000.0,-inf , +inf,16000.0
99,mic_1_fr,mic-1_fr_17000.0,-inf , +inf,17000.0
100,mic_1_fr,mic-1_fr_18000.0,-inf , +inf,18000.0
101,mic_1_fr,mic-1_fr_19000.0,-inf , +inf,19000.0
102,mic_1_fr,mic-1_fr_20000.0,-inf , +inf,20000.0
103,mic_1_fr,mic-1_fr_21200.0,-inf , +inf,21200.0
104,mic_1_fr,mic-1_fr_22400.0,-inf , +inf,22400.0
105,mic_1_fr_norm,mic-1_fr_norm_00100.0,-2.8 , 1.2,100.0
106,mic_1_fr_norm,mic-1_fr_norm_00106.0,-2.7 , 1.3,106.0
107,mic_1_fr_norm,mic-1_fr_norm_00112.0,-2.5 , 1.5,112.0
108,mic_1_fr_norm,mic-1_fr_norm_00118.0,-2.4 , 1.6,118.0
109,mic_1_fr_norm,mic-1_fr_norm_00125.0,-2.3 , 1.7,125.0
110,mic_1_fr_norm,mic-1_fr_norm_00132.0,-2.3 , 1.7,132.0
111,mic_1_fr_norm,mic-1_fr_norm_00140.0,-2.3 , 1.7,140.0
112,mic_1_fr_norm,mic-1_fr_norm_00150.0,-2.3 , 1.7,150.0
113,mic_1_fr_norm,mic-1_fr_norm_00160.0,-2.3 , 1.7,160.0
114,mic_1_fr_norm,mic-1_fr_norm_00170.0,-2.3 , 1.7,170.0
115,mic_1_fr_norm,mic-1_fr_norm_00180.0,-2.3 , 1.7,180.0
116,mic_1_fr_norm,mic-1_fr_norm_00190.0,-2.2 , 1.8,190.0
117,mic_1_fr_norm,mic-1_fr_norm_00200.0,-2.2 , 1.8,200.0
118,mic_1_fr_norm,mic-1_fr_norm_00212.0,-2.2 , 1.8,212.0
119,mic_1_fr_norm,mic-1_fr_norm_00224.0,-2.1 , 1.9,224.0
120,mic_1_fr_norm,mic-1_fr_norm_00236.0,-2.1 , 1.9,236.0
121,mic_1_fr_norm,mic-1_fr_norm_00250.0,-2.1 , 1.9,250.0
122,mic_1_fr_norm,mic-1_fr_norm_00265.0,-2.1 , 1.9,265.0
123,mic_1_fr_norm,mic-1_fr_norm_00280.0,-2.1 , 1.9,280.0
124,mic_1_fr_norm,mic-1_fr_norm_00300.0,-2.1 , 1.9,300.0
125,mic_1_fr_norm,mic-1_fr_norm_00315.0,-2.0 , 2.0,315.0
126,mic_1_fr_norm,mic-1_fr_norm_00335.0,-2.0 , 2.0,335.0
127,mic_1_fr_norm,mic-1_fr_norm_00355.0,-2.0 , 2.0,355.0
128,mic_1_fr_norm,mic-1_fr_norm_00375.0,-2.0 , 2.0,375.0
129,mic_1_fr_norm,mic-1_fr_norm_00400.0,-2.0 , 2.0,400.0
130,mic_1_fr_norm,mic-1_fr_norm_00425.0,-1.9 , 2.1,425.0
131,mic_1_fr_norm,mic-1_fr_norm_00450.0,-1.9 , 2.1,450.0
132,mic_1_fr_norm,mic-1_fr_norm_00475.0,-1.9 , 2.1,475.0
133,mic_1_fr_norm,mic-1_fr_norm_00500.0,-1.9 , 2.1,500.0
134,mic_1_fr_norm,mic-1_fr_norm_00530.0,-1.9 , 2.1,530.0
135,mic_1_fr_norm,mic-1_fr_norm_00560.0,-1.9 , 2.1,560.0
136,mic_1_fr_norm,mic-1_fr_norm_00600.0,-1.9 , 2.1,600.0
137,mic_1_fr_norm,mic-1_fr_norm_00630.0,-1.9 , 2.1,630.0
138,mic_1_fr_norm,mic-1_fr_norm_00670.0,-1.9 , 2.1,670.0
139,mic_1_fr_norm,mic-1_fr_norm_00710.0,-1.9 , 2.1,710.0
140,mic_1_fr_norm,mic-1_fr_norm_00750.0,-1.9 , 2.1,750.0
141,mic_1_fr_norm,mic-1_fr_norm_00800.0,-1.9 , 2.1,800.0
142,mic_1_fr_norm,mic-1_fr_norm_00850.0,-2.0 , 2.0,850.0
143,mic_1_fr_norm,mic-1_fr_norm_00900.0,-2.0 , 2.0,900.0
144,mic_1_fr_norm,mic-1_fr_norm_00950.0,-2.0 , 2.0,950.0
145,mic_1_fr_norm,mic-1_fr_norm_01000.0,-2.0 , 2.0,1000.0
146,mic_1_fr_norm,mic-1_fr_norm_01060.0,-2.0 , 2.0,1060.0
147,mic_1_fr_norm,mic-1_fr_norm_01120.0,-2.0 , 2.0,1120.0
148,mic_1_fr_norm,mic-1_fr_norm_01180.0,-2.0 , 2.0,1180.0
149,mic_1_fr_norm,mic-1_fr_norm_01250.0,-2.0 , 2.0,1250.0
150,mic_1_fr_norm,mic-1_fr_norm_01320.0,-2.0 , 2.0,1320.0
151,mic_1_fr_norm,mic-1_fr_norm_01400.0,-2.0 , 2.0,1400.0
152,mic_1_fr_norm,mic-1_fr_norm_01500.0,-2.0 , 2.0,1500.0
153,mic_1_fr_norm,mic-1_fr_norm_01600.0,-2.0 , 2.0,1600.0
154,mic_1_fr_norm,mic-1_fr_norm_01700.0,-2.0 , 2.0,1700.0
155,mic_1_fr_norm,mic-1_fr_norm_01800.0,-2.0 , 2.0,1800.0
156,mic_1_fr_norm,mic-1_fr_norm_01900.0,-2.0 , 2.0,1900.0
157,mic_1_fr_norm,mic-1_fr_norm_02000.0,-2.0 , 2.0,2000.0
158,mic_1_fr_norm,mic-1_fr_norm_02120.0,-2.1 , 2.1,2120.0
159,mic_1_fr_norm,mic-1_fr_norm_02240.0,-2.1 , 2.1,2240.0
160,mic_1_fr_norm,mic-1_fr_norm_02360.0,-2.2 , 2.2,2360.0
161,mic_1_fr_norm,mic-1_fr_norm_02500.0,-2.3 , 2.3,2500.0
162,mic_1_fr_norm,mic-1_fr_norm_02650.0,-2.4 , 2.4,2650.0
163,mic_1_fr_norm,mic-1_fr_norm_02800.0,-2.4 , 2.4,2800.0
164,mic_1_fr_norm,mic-1_fr_norm_03000.0,-2.4 , 2.5,3000.0
165,mic_1_fr_norm,mic-1_fr_norm_03150.0,-2.5 , 2.6,3150.0
166,mic_1_fr_norm,mic-1_fr_norm_03350.0,-2.6 , 2.8,3350.0
167,mic_1_fr_norm,mic-1_fr_norm_03550.0,-2.7 , 3.0,3550.0
168,mic_1_fr_norm,mic-1_fr_norm_03750.0,-2.7 , 3.2,3750.0
169,mic_1_fr_norm,mic-1_fr_norm_04000.0,-2.7 , 3.3,4000.0
170,mic_1_fr_norm,mic-1_fr_norm_04250.0,-2.6 , 3.6,4250.0
171,mic_1_fr_norm,mic-1_fr_norm_04500.0,-2.5 , 3.9,4500.0
172,mic_1_fr_norm,mic-1_fr_norm_04750.0,-2.3 , 4.0,4750.0
173,mic_1_fr_norm,mic-1_fr_norm_05000.0,-2.2 , 4.3,5000.0
174,mic_1_fr_norm,mic-1_fr_norm_05300.0,-2.1 , 4.5,5300.0
175,mic_1_fr_norm,mic-1_fr_norm_05600.0,-1.6 , 5.1,5600.0
176,mic_1_fr_norm,mic-1_fr_norm_06000.0,-1.4 , 5.6,6000.0
177,mic_1_fr_norm,mic-1_fr_norm_06300.0,-1.0 , 6.4,6300.0
178,mic_1_fr_norm,mic-1_fr_norm_06700.0,-0.5 , 7.3,6700.0
179,mic_1_fr_norm,mic-1_fr_norm_07100.0,-0.2 , 8.2,7100.0
180,mic_1_fr_norm,mic-1_fr_norm_07500.0,0.3 , 9.1,7500.0
181,mic_1_fr_norm,mic-1_fr_norm_08000.0,0.6 , 10.6,8000.0
182,mic_1_fr_norm,mic-1_fr_norm_08500.0,1.5 , 12.1,8500.0
183,mic_1_fr_norm,mic-1_fr_norm_09000.0,2.4 , 14.0,9000.0
184,mic_1_fr_norm,mic-1_fr_norm_09500.0,3.8 , 15.8,9500.0
185,mic_1_fr_norm,mic-1_fr_norm_10000.0,5.2 , 17.2,10000.0
186,mic_1_fr_norm,mic-1_fr_norm_10600.0,-inf , +inf,10600.0
187,mic_1_fr_norm,mic-1_fr_norm_11200.0,-inf , +inf,11200.0
188,mic_1_fr_norm,mic-1_fr_norm_11800.0,-inf , +inf,11800.0
189,mic_1_fr_norm,mic-1_fr_norm_12500.0,-inf , +inf,12500.0
190,mic_1_fr_norm,mic-1_fr_norm_13200.0,-inf , +inf,13200.0
191,mic_1_fr_norm,mic-1_fr_norm_14000.0,-inf , +inf,14000.0
192,mic_1_fr_norm,mic-1_fr_norm_15000.0,-inf , +inf,15000.0
193,mic_1_fr_norm,mic-1_fr_norm_16000.0,-inf , +inf,16000.0
194,mic_1_fr_norm,mic-1_fr_norm_17000.0,-inf , +inf,17000.0
195,mic_1_fr_norm,mic-1_fr_norm_18000.0,-inf , +inf,18000.0
196,mic_1_fr_norm,mic-1_fr_norm_19000.0,-inf , +inf,19000.0
197,mic_1_fr_norm,mic-1_fr_norm_20000.0,-inf , +inf,20000.0
198,mic_1_fr_norm,mic-1_fr_norm_21200.0,-inf , +inf,21200.0
199,mic_1_fr_norm,mic-1_fr_norm_22400.0,-inf , +inf,22400.0
200,mic_1_thd,mic-1_thd_00100.0,-inf , +inf,100.0
201,mic_1_thd,mic-1_thd_00106.0,-inf , +inf,106.0
202,mic_1_thd,mic-1_thd_00112.0,-inf , +inf,112.0
203,mic_1_thd,mic-1_thd_00118.0,-inf , +inf,118.0
204,mic_1_thd,mic-1_thd_00125.0,-inf , +inf,125.0
205,mic_1_thd,mic-1_thd_00132.0,-inf , +inf,132.0
206,mic_1_thd,mic-1_thd_00140.0,-inf , +inf,140.0
207,mic_1_thd,mic-1_thd_00150.0,-inf , +inf,150.0
208,mic_1_thd,mic-1_thd_00160.0,-inf , +inf,160.0
209,mic_1_thd,mic-1_thd_00170.0,-inf , +inf,170.0
210,mic_1_thd,mic-1_thd_00180.0,-inf , +inf,180.0
211,mic_1_thd,mic-1_thd_00190.0,-inf , +inf,190.0
212,mic_1_thd,mic-1_thd_00200.0,-inf , 1.0,200.0
213,mic_1_thd,mic-1_thd_00212.0,-inf , 1.0,212.0
214,mic_1_thd,mic-1_thd_00224.0,-inf , 1.0,224.0
215,mic_1_thd,mic-1_thd_00236.0,-inf , 1.0,236.0
216,mic_1_thd,mic-1_thd_00250.0,-inf , 1.0,250.0
217,mic_1_thd,mic-1_thd_00265.0,-inf , 1.0,265.0
218,mic_1_thd,mic-1_thd_00280.0,-inf , 1.0,280.0
219,mic_1_thd,mic-1_thd_00300.0,-inf , 1.0,300.0
220,mic_1_thd,mic-1_thd_00315.0,-inf , 1.0,315.0
221,mic_1_thd,mic-1_thd_00335.0,-inf , 1.0,335.0
222,mic_1_thd,mic-1_thd_00355.0,-inf , 1.0,355.0
223,mic_1_thd,mic-1_thd_00375.0,-inf , 1.0,375.0
224,mic_1_thd,mic-1_thd_00400.0,-inf , 1.0,400.0
225,mic_1_thd,mic-1_thd_00425.0,-inf , 1.0,425.0
226,mic_1_thd,mic-1_thd_00450.0,-inf , 1.0,450.0
227,mic_1_thd,mic-1_thd_00475.0,-inf , 1.0,475.0
228,mic_1_thd,mic-1_thd_00500.0,-inf , 1.0,500.0
229,mic_1_thd,mic-1_thd_00530.0,-inf , 1.0,530.0
230,mic_1_thd,mic-1_thd_00560.0,-inf , 1.0,560.0
231,mic_1_thd,mic-1_thd_00600.0,-inf , 1.0,600.0
232,mic_1_thd,mic-1_thd_00630.0,-inf , 1.0,630.0
233,mic_1_thd,mic-1_thd_00670.0,-inf , 1.0,670.0
234,mic_1_thd,mic-1_thd_00710.0,-inf , 1.0,710.0
235,mic_1_thd,mic-1_thd_00750.0,-inf , 1.0,750.0
236,mic_1_thd,mic-1_thd_00800.0,-inf , 1.0,800.0
237,mic_1_thd,mic-1_thd_00850.0,-inf , 1.0,850.0
238,mic_1_thd,mic-1_thd_00900.0,-inf , 1.0,900.0
239,mic_1_thd,mic-1_thd_00950.0,-inf , 1.0,950.0
240,mic_1_thd,mic-1_thd_01000.0,-inf , 1.0,1000.0
241,mic_1_thd,mic-1_thd_01060.0,-inf , 1.0,1060.0
242,mic_1_thd,mic-1_thd_01120.0,-inf , 1.0,1120.0
243,mic_1_thd,mic-1_thd_01180.0,-inf , 1.0,1180.0
244,mic_1_thd,mic-1_thd_01250.0,-inf , 1.0,1250.0
245,mic_1_thd,mic-1_thd_01320.0,-inf , 1.0,1320.0
246,mic_1_thd,mic-1_thd_01400.0,-inf , 1.0,1400.0
247,mic_1_thd,mic-1_thd_01500.0,-inf , 1.0,1500.0
248,mic_1_thd,mic-1_thd_01600.0,-inf , 1.0,1600.0
249,mic_1_thd,mic-1_thd_01700.0,-inf , 1.0,1700.0
250,mic_1_thd,mic-1_thd_01800.0,-inf , 1.0,1800.0
251,mic_1_thd,mic-1_thd_01900.0,-inf , 1.0,1900.0
252,mic_1_thd,mic-1_thd_02000.0,-inf , 1.0,2000.0
253,mic_1_thd,mic-1_thd_02120.0,-inf , 1.0,2120.0
254,mic_1_thd,mic-1_thd_02240.0,-inf , 1.0,2240.0
255,mic_1_thd,mic-1_thd_02360.0,-inf , 1.0,2360.0
256,mic_1_thd,mic-1_thd_02500.0,-inf , 1.0,2500.0
257,mic_1_thd,mic-1_thd_02650.0,-inf , 1.0,2650.0
258,mic_1_thd,mic-1_thd_02800.0,-inf , 1.0,2800.0
259,mic_1_thd,mic-1_thd_03000.0,-inf , 1.0,3000.0
260,mic_1_thd,mic-1_thd_03150.0,-inf , 1.0,3150.0
261,mic_1_thd,mic-1_thd_03350.0,-inf , 1.0,3350.0
262,mic_1_thd,mic-1_thd_03550.0,-inf , 1.0,3550.0
263,mic_1_thd,mic-1_thd_03750.0,-inf , 1.0,3750.0
264,mic_1_thd,mic-1_thd_04000.0,-inf , 1.0,4000.0
265,mic_1_thd,mic-1_thd_04250.0,-inf , 1.0,4250.0
266,mic_1_thd,mic-1_thd_04500.0,-inf , 1.0,4500.0
267,mic_1_thd,mic-1_thd_04750.0,-inf , 1.0,4750.0
268,mic_1_thd,mic-1_thd_05000.0,-inf , 1.0,5000.0
269,mic_1_thd,mic-1_thd_05300.0,-inf , 1.0,5300.0
270,mic_1_thd,mic-1_thd_05600.0,-inf , 1.0,5600.0
271,mic_1_thd,mic-1_thd_06000.0,-inf , 1.0,6000.0
272,mic_1_thd,mic-1_thd_06300.0,-inf , 1.0,6300.0
273,mic_1_thd,mic-1_thd_06700.0,-inf , 1.0,6700.0
274,mic_1_thd,mic-1_thd_07100.0,-inf , 1.0,7100.0
275,mic_1_thd,mic-1_thd_07500.0,-inf , 1.0,7500.0
276,mic_1_thd,mic-1_thd_08000.0,-inf , 1.0,8000.0
277,mic_1_thd,mic-1_thd_08500.0,-inf , 1.0,8500.0
278,mic_1_thd,mic-1_thd_09000.0,-inf , 1.0,9000.0
279,mic_1_thd,mic-1_thd_09500.0,-inf , 1.0,9500.0
280,mic_1_thd,mic-1_thd_10000.0,-inf , 1.0,10000.0
281,mic_1_seal_chirp,mic-1_seal_chirp_00100.0,-5.0 , 40.0,100.0
282,mic_1_seal_chirp,mic-1_seal_chirp_00106.0,-3.3 , 40.0,106.0
283,mic_1_seal_chirp,mic-1_seal_chirp_00112.0,-1.6 , 40.0,112.0
284,mic_1_seal_chirp,mic-1_seal_chirp_00118.0,-0.1 , 40.0,118.0
285,mic_1_seal_chirp,mic-1_seal_chirp_00125.0,1.6 , 40.0,125.0
286,mic_1_seal_chirp,mic-1_seal_chirp_00132.0,3.2 , 40.0,132.0
287,mic_1_seal_chirp,mic-1_seal_chirp_00140.0,5.0 , 40.0,140.0
288,mic_1_seal_chirp,mic-1_seal_chirp_00150.0,7.0 , 40.0,150.0
289,mic_1_seal_chirp,mic-1_seal_chirp_00160.0,7.0 , 40.0,160.0
290,mic_1_seal_chirp,mic-1_seal_chirp_00170.0,7.0 , 40.0,170.0
291,mic_1_seal_chirp,mic-1_seal_chirp_00180.0,7.0 , 40.0,180.0
292,mic_1_seal_chirp,mic-1_seal_chirp_00190.0,7.0 , 40.0,190.0
293,mic_1_seal_chirp,mic-1_seal_chirp_00200.0,7.0 , 40.0,200.0
294,mic_1_seal_chirp,mic-1_seal_chirp_00212.0,7.0 , 40.0,212.0
295,mic_1_seal_chirp,mic-1_seal_chirp_00224.0,7.0 , 40.0,224.0
296,mic_1_seal_chirp,mic-1_seal_chirp_00236.0,7.0 , 40.0,236.0
297,mic_1_seal_chirp,mic-1_seal_chirp_00250.0,7.0 , 40.0,250.0
298,mic_1_seal_chirp,mic-1_seal_chirp_00265.0,7.0 , 40.0,265.0
299,mic_1_seal_chirp,mic-1_seal_chirp_00280.0,6.2 , 40.0,280.0
300,mic_1_seal_chirp,mic-1_seal_chirp_00300.0,5.1 , 40.0,300.0
301,mic_1_seal_chirp,mic-1_seal_chirp_00315.0,4.3 , 40.0,315.0
302,mic_1_seal_chirp,mic-1_seal_chirp_00335.0,3.4 , 40.0,335.0
303,mic_1_seal_chirp,mic-1_seal_chirp_00355.0,2.5 , 40.0,355.0
304,mic_1_seal_chirp,mic-1_seal_chirp_00375.0,1.6 , 40.0,375.0
305,mic_1_seal_chirp,mic-1_seal_chirp_00400.0,0.7 , 40.0,400.0
306,mic_1_seal_chirp,mic-1_seal_chirp_00425.0,-0.3 , 40.0,425.0
307,mic_1_seal_chirp,mic-1_seal_chirp_00450.0,-1.2 , 40.0,450.0
308,mic_1_seal_chirp,mic-1_seal_chirp_00475.0,-2.0 , 40.0,475.0
309,mic_1_seal_chirp,mic-1_seal_chirp_00500.0,-2.0 , 40.0,500.0
310,mic_1_seal_chirp,mic-1_seal_chirp_00530.0,-2.0 , 40.0,530.0
311,mic_1_seal_chirp,mic-1_seal_chirp_00560.0,-2.0 , 40.0,560.0
312,mic_1_seal_chirp,mic-1_seal_chirp_00600.0,-2.0 , 40.0,600.0
313,mic_1_seal_chirp,mic-1_seal_chirp_00630.0,-2.0 , 40.0,630.0
314,mic_1_seal_chirp,mic-1_seal_chirp_00670.0,-2.0 , 40.0,670.0
315,mic_1_seal_chirp,mic-1_seal_chirp_00710.0,-2.0 , 40.0,710.0
316,mic_1_seal_chirp,mic-1_seal_chirp_00750.0,-2.0 , 40.0,750.0
317,mic_1_seal_chirp,mic-1_seal_chirp_00800.0,-2.0 , 40.0,800.0
318,mic_1_seal_chirp,mic-1_seal_chirp_00850.0,-2.0 , 40.0,850.0
319,mic_1_seal_chirp,mic-1_seal_chirp_00900.0,-2.0 , 40.0,900.0
320,mic_1_seal_chirp,mic-1_seal_chirp_00950.0,-2.0 , 40.0,950.0
321,mic_1_seal_chirp,mic-1_seal_chirp_01000.0,-2.0 , 40.0,1000.0
322,mic_1_seal_chirp,mic-1_seal_chirp_01060.0,-2.0 , +inf,1060.0
323,mic_1_seal_chirp,mic-1_seal_chirp_01120.0,-2.0 , +inf,1120.0
324,mic_1_seal_chirp,mic-1_seal_chirp_01180.0,-2.0 , +inf,1180.0
325,mic_1_seal_chirp,mic-1_seal_chirp_01250.0,-2.0 , +inf,1250.0
326,mic_1_seal_chirp,mic-1_seal_chirp_01320.0,-0.6 , +inf,1320.0
327,mic_1_seal_chirp,mic-1_seal_chirp_01400.0,0.9 , +inf,1400.0
328,mic_1_seal_chirp,mic-1_seal_chirp_01500.0,2.7 , +inf,1500.0
329,mic_1_seal_chirp,mic-1_seal_chirp_01600.0,4.3 , +inf,1600.0
330,mic_1_seal_chirp,mic-1_seal_chirp_01700.0,5.9 , +inf,1700.0
331,mic_1_seal_chirp,mic-1_seal_chirp_01800.0,7.3 , +inf,1800.0
332,mic_1_seal_chirp,mic-1_seal_chirp_01900.0,8.7 , +inf,1900.0
333,mic_1_seal_chirp,mic-1_seal_chirp_02000.0,10.0 , +inf,2000.0
334,mic_1_seal_chirp,mic-1_seal_chirp_02120.0,10.0 , +inf,2120.0
335,mic_1_seal_chirp,mic-1_seal_chirp_02240.0,10.0 , +inf,2240.0
336,mic_1_seal_chirp,mic-1_seal_chirp_02360.0,10.0 , +inf,2360.0
337,mic_1_seal_chirp,mic-1_seal_chirp_02500.0,10.0 , +inf,2500.0
338,mic_1_seal_chirp,mic-1_seal_chirp_02650.0,10.0 , +inf,2650.0
339,mic_1_seal_chirp,mic-1_seal_chirp_02800.0,10.0 , +inf,2800.0
340,mic_1_seal_chirp,mic-1_seal_chirp_03000.0,10.0 , +inf,3000.0
341,mic_1_seal_chirp,mic-1_seal_chirp_03150.0,10.0 , +inf,3150.0
342,mic_1_seal_chirp,mic-1_seal_chirp_03350.0,10.0 , +inf,3350.0
343,mic_1_seal_chirp,mic-1_seal_chirp_03550.0,10.0 , +inf,3550.0
344,mic_1_seal_chirp,mic-1_seal_chirp_03750.0,10.0 , +inf,3750.0
345,mic_1_seal_chirp,mic-1_seal_chirp_04000.0,10.0 , +inf,4000.0
346,mic_1_seal_chirp,mic-1_seal_chirp_04250.0,10.0 , +inf,4250.0
347,mic_1_seal_chirp,mic-1_seal_chirp_04500.0,10.0 , +inf,4500.0
348,mic_1_seal_chirp,mic-1_seal_chirp_04750.0,10.0 , +inf,4750.0
349,mic_1_seal_chirp,mic-1_seal_chirp_05000.0,10.0 , +inf,5000.0
350,mic_1_seal_chirp,mic-1_seal_chirp_05300.0,10.0 , +inf,5300.0
351,mic_1_seal_chirp,mic-1_seal_chirp_05600.0,10.0 , +inf,5600.0
352,mic_1_seal_chirp,mic-1_seal_chirp_06000.0,10.0 , +inf,6000.0
353,mic_1_seal_chirp,mic-1_seal_chirp_06300.0,10.0 , +inf,6300.0
354,mic_1_seal_chirp,mic-1_seal_chirp_06700.0,10.0 , +inf,6700.0
355,mic_1_seal_chirp,mic-1_seal_chirp_07100.0,10.0 , +inf,7100.0
356,mic_1_seal_chirp,mic-1_seal_chirp_07500.0,10.0 , +inf,7500.0
357,mic_1_seal_chirp,mic-1_seal_chirp_08000.0,10.0 , +inf,8000.0
358,mic_1_seal_chirp,mic-1_seal_chirp_08500.0,10.0 , +inf,8500.0
359,mic_1_seal_chirp,mic-1_seal_chirp_09000.0,10.0 , +inf,9000.0
360,mic_1_seal_chirp,mic-1_seal_chirp_09500.0,10.0 , +inf,9500.0
361,mic_1_seal_chirp,mic-1_seal_chirp_10000.0,10.0 , +inf,10000.0
362,mic_1_seal_chirp,mic-1_seal_chirp_10600.0,-inf , +inf,10600.0
363,mic_1_seal_chirp,mic-1_seal_chirp_11200.0,-inf , +inf,11200.0
364,mic_1_seal_chirp,mic-1_seal_chirp_11800.0,-inf , +inf,11800.0
365,mic_1_seal_chirp,mic-1_seal_chirp_12500.0,-inf , +inf,12500.0
366,mic_1_seal_chirp,mic-1_seal_chirp_13200.0,-inf , +inf,13200.0
367,mic_1_seal_chirp,mic-1_seal_chirp_14000.0,-inf , +inf,14000.0
368,mic_1_seal_chirp,mic-1_seal_chirp_15000.0,-inf , +inf,15000.0
369,mic_1_seal_chirp,mic-1_seal_chirp_16000.0,-inf , +inf,16000.0
370,mic_1_seal_chirp,mic-1_seal_chirp_17000.0,-inf , +inf,17000.0
371,mic_1_seal_chirp,mic-1_seal_chirp_18000.0,-inf , +inf,18000.0
372,mic_1_seal_chirp,mic-1_seal_chirp_19000.0,-inf , +inf,19000.0
373,mic_1_seal_chirp,mic-1_seal_chirp_20000.0,-inf , +inf,20000.0
374,mic_1_seal_chirp,mic-1_seal_chirp_21200.0,-inf , +inf,21200.0
375,mic_1_seal_chirp,mic-1_seal_chirp_22400.0,-inf , +inf,22400.0
378,mic_2_fr,mic-2_fr_00100.0,-inf , +inf,100.0
379,mic_2_fr,mic-2_fr_00106.0,-inf , +inf,106.0
380,mic_2_fr,mic-2_fr_00112.0,-inf , +inf,112.0
381,mic_2_fr,mic-2_fr_00118.0,-inf , +inf,118.0
382,mic_2_fr,mic-2_fr_00125.0,-inf , +inf,125.0
383,mic_2_fr,mic-2_fr_00132.0,-inf , +inf,132.0
384,mic_2_fr,mic-2_fr_00140.0,-inf , +inf,140.0
385,mic_2_fr,mic-2_fr_00150.0,-inf , +inf,150.0
386,mic_2_fr,mic-2_fr_00160.0,-inf , +inf,160.0
387,mic_2_fr,mic-2_fr_00170.0,-inf , +inf,170.0
388,mic_2_fr,mic-2_fr_00180.0,-inf , +inf,180.0
389,mic_2_fr,mic-2_fr_00190.0,-inf , +inf,190.0
390,mic_2_fr,mic-2_fr_00200.0,-inf , +inf,200.0
391,mic_2_fr,mic-2_fr_00212.0,-inf , +inf,212.0
392,mic_2_fr,mic-2_fr_00224.0,-inf , +inf,224.0
393,mic_2_fr,mic-2_fr_00236.0,-inf , +inf,236.0
394,mic_2_fr,mic-2_fr_00250.0,-inf , +inf,250.0
395,mic_2_fr,mic-2_fr_00265.0,-inf , +inf,265.0
396,mic_2_fr,mic-2_fr_00280.0,-inf , +inf,280.0
397,mic_2_fr,mic-2_fr_00300.0,-inf , +inf,300.0
398,mic_2_fr,mic-2_fr_00315.0,-inf , +inf,315.0
399,mic_2_fr,mic-2_fr_00335.0,-inf , +inf,335.0
400,mic_2_fr,mic-2_fr_00355.0,-inf , +inf,355.0
401,mic_2_fr,mic-2_fr_00375.0,-inf , +inf,375.0
402,mic_2_fr,mic-2_fr_00400.0,-inf , +inf,400.0
403,mic_2_fr,mic-2_fr_00425.0,-inf , +inf,425.0
404,mic_2_fr,mic-2_fr_00450.0,-inf , +inf,450.0
405,mic_2_fr,mic-2_fr_00475.0,-inf , +inf,475.0
406,mic_2_fr,mic-2_fr_00500.0,-inf , +inf,500.0
407,mic_2_fr,mic-2_fr_00530.0,-inf , +inf,530.0
408,mic_2_fr,mic-2_fr_00560.0,-inf , +inf,560.0
409,mic_2_fr,mic-2_fr_00600.0,-inf , +inf,600.0
410,mic_2_fr,mic-2_fr_00630.0,-inf , +inf,630.0
411,mic_2_fr,mic-2_fr_00670.0,-inf , +inf,670.0
412,mic_2_fr,mic-2_fr_00710.0,-inf , +inf,710.0
413,mic_2_fr,mic-2_fr_00750.0,-inf , +inf,750.0
414,mic_2_fr,mic-2_fr_00800.0,-inf , +inf,800.0
415,mic_2_fr,mic-2_fr_00850.0,-inf , +inf,850.0
416,mic_2_fr,mic-2_fr_00900.0,-inf , +inf,900.0
417,mic_2_fr,mic-2_fr_00950.0,-inf , +inf,950.0
418,mic_2_fr,mic-2_fr_01000.0,-inf , +inf,1000.0
419,mic_2_fr,mic-2_fr_01060.0,-inf , +inf,1060.0
420,mic_2_fr,mic-2_fr_01120.0,-inf , +inf,1120.0
421,mic_2_fr,mic-2_fr_01180.0,-inf , +inf,1180.0
422,mic_2_fr,mic-2_fr_01250.0,-inf , +inf,1250.0
423,mic_2_fr,mic-2_fr_01320.0,-inf , +inf,1320.0
424,mic_2_fr,mic-2_fr_01400.0,-inf , +inf,1400.0
425,mic_2_fr,mic-2_fr_01500.0,-inf , +inf,1500.0
426,mic_2_fr,mic-2_fr_01600.0,-inf , +inf,1600.0
427,mic_2_fr,mic-2_fr_01700.0,-inf , +inf,1700.0
428,mic_2_fr,mic-2_fr_01800.0,-inf , +inf,1800.0
429,mic_2_fr,mic-2_fr_01900.0,-inf , +inf,1900.0
430,mic_2_fr,mic-2_fr_02000.0,-inf , +inf,2000.0
431,mic_2_fr,mic-2_fr_02120.0,-inf , +inf,2120.0
432,mic_2_fr,mic-2_fr_02240.0,-inf , +inf,2240.0
433,mic_2_fr,mic-2_fr_02360.0,-inf , +inf,2360.0
434,mic_2_fr,mic-2_fr_02500.0,-inf , +inf,2500.0
435,mic_2_fr,mic-2_fr_02650.0,-inf , +inf,2650.0
436,mic_2_fr,mic-2_fr_02800.0,-inf , +inf,2800.0
437,mic_2_fr,mic-2_fr_03000.0,-inf , +inf,3000.0
438,mic_2_fr,mic-2_fr_03150.0,-inf , +inf,3150.0
439,mic_2_fr,mic-2_fr_03350.0,-inf , +inf,3350.0
440,mic_2_fr,mic-2_fr_03550.0,-inf , +inf,3550.0
441,mic_2_fr,mic-2_fr_03750.0,-inf , +inf,3750.0
442,mic_2_fr,mic-2_fr_04000.0,-inf , +inf,4000.0
443,mic_2_fr,mic-2_fr_04250.0,-inf , +inf,4250.0
444,mic_2_fr,mic-2_fr_04500.0,-inf , +inf,4500.0
445,mic_2_fr,mic-2_fr_04750.0,-inf , +inf,4750.0
446,mic_2_fr,mic-2_fr_05000.0,-inf , +inf,5000.0
447,mic_2_fr,mic-2_fr_05300.0,-inf , +inf,5300.0
448,mic_2_fr,mic-2_fr_05600.0,-inf , +inf,5600.0
449,mic_2_fr,mic-2_fr_06000.0,-inf , +inf,6000.0
450,mic_2_fr,mic-2_fr_06300.0,-inf , +inf,6300.0
451,mic_2_fr,mic-2_fr_06700.0,-inf , +inf,6700.0
452,mic_2_fr,mic-2_fr_07100.0,-inf , +inf,7100.0
453,mic_2_fr,mic-2_fr_07500.0,-inf , +inf,7500.0
454,mic_2_fr,mic-2_fr_08000.0,-inf , +inf,8000.0
455,mic_2_fr,mic-2_fr_08500.0,-inf , +inf,8500.0
456,mic_2_fr,mic-2_fr_09000.0,-inf , +inf,9000.0
457,mic_2_fr,mic-2_fr_09500.0,-inf , +inf,9500.0
458,mic_2_fr,mic-2_fr_10000.0,-inf , +inf,10000.0
459,mic_2_fr,mic-2_fr_10600.0,-inf , +inf,10600.0
460,mic_2_fr,mic-2_fr_11200.0,-inf , +inf,11200.0
461,mic_2_fr,mic-2_fr_11800.0,-inf , +inf,11800.0
462,mic_2_fr,mic-2_fr_12500.0,-inf , +inf,12500.0
463,mic_2_fr,mic-2_fr_13200.0,-inf , +inf,13200.0
464,mic_2_fr,mic-2_fr_14000.0,-inf , +inf,14000.0
465,mic_2_fr,mic-2_fr_15000.0,-inf , +inf,15000.0
466,mic_2_fr,mic-2_fr_16000.0,-inf , +inf,16000.0
467,mic_2_fr,mic-2_fr_17000.0,-inf , +inf,17000.0
468,mic_2_fr,mic-2_fr_18000.0,-inf , +inf,18000.0
469,mic_2_fr,mic-2_fr_19000.0,-inf , +inf,19000.0
470,mic_2_fr,mic-2_fr_20000.0,-inf , +inf,20000.0
471,mic_2_fr,mic-2_fr_21200.0,-inf , +inf,21200.0
472,mic_2_fr,mic-2_fr_22400.0,-inf , +inf,22400.0
473,mic_2_fr_norm,mic-2_fr_norm_00100.0,-2.6 , 1.4,100.0
474,mic_2_fr_norm,mic-2_fr_norm_00106.0,-2.2 , 1.8,106.0
475,mic_2_fr_norm,mic-2_fr_norm_00112.0,-1.6 , 2.4,112.0
476,mic_2_fr_norm,mic-2_fr_norm_00118.0,-1.4 , 2.6,118.0
477,mic_2_fr_norm,mic-2_fr_norm_00125.0,-1.4 , 2.6,125.0
478,mic_2_fr_norm,mic-2_fr_norm_00132.0,-1.6 , 2.4,132.0
479,mic_2_fr_norm,mic-2_fr_norm_00140.0,-1.7 , 2.3,140.0
480,mic_2_fr_norm,mic-2_fr_norm_00150.0,-1.9 , 2.1,150.0
481,mic_2_fr_norm,mic-2_fr_norm_00160.0,-2.0 , 2.0,160.0
482,mic_2_fr_norm,mic-2_fr_norm_00170.0,-2.1 , 1.9,170.0
483,mic_2_fr_norm,mic-2_fr_norm_00180.0,-2.1 , 1.9,180.0
484,mic_2_fr_norm,mic-2_fr_norm_00190.0,-2.1 , 1.9,190.0
485,mic_2_fr_norm,mic-2_fr_norm_00200.0,-2.1 , 1.9,200.0
486,mic_2_fr_norm,mic-2_fr_norm_00212.0,-2.1 , 1.9,212.0
487,mic_2_fr_norm,mic-2_fr_norm_00224.0,-2.1 , 1.9,224.0
488,mic_2_fr_norm,mic-2_fr_norm_00236.0,-2.1 , 1.9,236.0
489,mic_2_fr_norm,mic-2_fr_norm_00250.0,-2.1 , 1.9,250.0
490,mic_2_fr_norm,mic-2_fr_norm_00265.0,-2.1 , 1.9,265.0
491,mic_2_fr_norm,mic-2_fr_norm_00280.0,-2.0 , 2.0,280.0
492,mic_2_fr_norm,mic-2_fr_norm_00300.0,-2.0 , 2.0,300.0
493,mic_2_fr_norm,mic-2_fr_norm_00315.0,-2.1 , 1.9,315.0
494,mic_2_fr_norm,mic-2_fr_norm_00335.0,-2.0 , 2.0,335.0
495,mic_2_fr_norm,mic-2_fr_norm_00355.0,-2.0 , 2.0,355.0
496,mic_2_fr_norm,mic-2_fr_norm_00375.0,-2.0 , 2.0,375.0
497,mic_2_fr_norm,mic-2_fr_norm_00400.0,-2.0 , 2.0,400.0
498,mic_2_fr_norm,mic-2_fr_norm_00425.0,-2.0 , 2.0,425.0
499,mic_2_fr_norm,mic-2_fr_norm_00450.0,-2.0 , 2.0,450.0
500,mic_2_fr_norm,mic-2_fr_norm_00475.0,-2.0 , 2.0,475.0
501,mic_2_fr_norm,mic-2_fr_norm_00500.0,-2.0 , 2.0,500.0
502,mic_2_fr_norm,mic-2_fr_norm_00530.0,-2.0 , 2.0,530.0
503,mic_2_fr_norm,mic-2_fr_norm_00560.0,-2.0 , 2.0,560.0
504,mic_2_fr_norm,mic-2_fr_norm_00600.0,-2.0 , 2.0,600.0
505,mic_2_fr_norm,mic-2_fr_norm_00630.0,-2.0 , 2.0,630.0
506,mic_2_fr_norm,mic-2_fr_norm_00670.0,-2.0 , 2.0,670.0
507,mic_2_fr_norm,mic-2_fr_norm_00710.0,-2.0 , 2.0,710.0
508,mic_2_fr_norm,mic-2_fr_norm_00750.0,-2.0 , 2.0,750.0
509,mic_2_fr_norm,mic-2_fr_norm_00800.0,-2.0 , 2.0,800.0
510,mic_2_fr_norm,mic-2_fr_norm_00850.0,-2.1 , 1.9,850.0
511,mic_2_fr_norm,mic-2_fr_norm_00900.0,-2.1 , 1.9,900.0
512,mic_2_fr_norm,mic-2_fr_norm_00950.0,-2.1 , 1.9,950.0
513,mic_2_fr_norm,mic-2_fr_norm_01000.0,-2.0 , 2.0,1000.0
514,mic_2_fr_norm,mic-2_fr_norm_01060.0,-2.0 , 2.0,1060.0
515,mic_2_fr_norm,mic-2_fr_norm_01120.0,-2.0 , 2.0,1120.0
516,mic_2_fr_norm,mic-2_fr_norm_01180.0,-2.0 , 2.0,1180.0
517,mic_2_fr_norm,mic-2_fr_norm_01250.0,-2.0 , 2.0,1250.0
518,mic_2_fr_norm,mic-2_fr_norm_01320.0,-2.1 , 1.9,1320.0
519,mic_2_fr_norm,mic-2_fr_norm_01400.0,-2.1 , 1.9,1400.0
520,mic_2_fr_norm,mic-2_fr_norm_01500.0,-2.1 , 1.9,1500.0
521,mic_2_fr_norm,mic-2_fr_norm_01600.0,-2.1 , 1.9,1600.0
522,mic_2_fr_norm,mic-2_fr_norm_01700.0,-2.1 , 2.0,1700.0
523,mic_2_fr_norm,mic-2_fr_norm_01800.0,-2.0 , 2.0,1800.0
524,mic_2_fr_norm,mic-2_fr_norm_01900.0,-2.0 , 2.1,1900.0
525,mic_2_fr_norm,mic-2_fr_norm_02000.0,-2.0 , 2.1,2000.0
526,mic_2_fr_norm,mic-2_fr_norm_02120.0,-2.0 , 2.1,2120.0
527,mic_2_fr_norm,mic-2_fr_norm_02240.0,-2.0 , 2.2,2240.0
528,mic_2_fr_norm,mic-2_fr_norm_02360.0,-2.0 , 2.2,2360.0
529,mic_2_fr_norm,mic-2_fr_norm_02500.0,-2.0 , 2.3,2500.0
530,mic_2_fr_norm,mic-2_fr_norm_02650.0,-2.1 , 2.5,2650.0
531,mic_2_fr_norm,mic-2_fr_norm_02800.0,-2.1 , 2.6,2800.0
532,mic_2_fr_norm,mic-2_fr_norm_03000.0,-2.1 , 2.8,3000.0
533,mic_2_fr_norm,mic-2_fr_norm_03150.0,-2.1 , 3.0,3150.0
534,mic_2_fr_norm,mic-2_fr_norm_03350.0,-2.1 , 3.1,3350.0
535,mic_2_fr_norm,mic-2_fr_norm_03550.0,-2.2 , 3.3,3550.0
536,mic_2_fr_norm,mic-2_fr_norm_03750.0,-2.2 , 3.4,3750.0
537,mic_2_fr_norm,mic-2_fr_norm_04000.0,-2.3 , 3.6,4000.0
538,mic_2_fr_norm,mic-2_fr_norm_04250.0,-2.3 , 3.8,4250.0
539,mic_2_fr_norm,mic-2_fr_norm_04500.0,-2.3 , 3.9,4500.0
540,mic_2_fr_norm,mic-2_fr_norm_04750.0,-2.2 , 4.0,4750.0
541,mic_2_fr_norm,mic-2_fr_norm_05000.0,-2.2 , 4.2,5000.0
542,mic_2_fr_norm,mic-2_fr_norm_05300.0,-2.0 , 4.5,5300.0
543,mic_2_fr_norm,mic-2_fr_norm_05600.0,-1.8 , 4.7,5600.0
544,mic_2_fr_norm,mic-2_fr_norm_06000.0,-1.7 , 5.1,6000.0
545,mic_2_fr_norm,mic-2_fr_norm_06300.0,-1.6 , 5.3,6300.0
546,mic_2_fr_norm,mic-2_fr_norm_06700.0,-1.5 , 5.8,6700.0
547,mic_2_fr_norm,mic-2_fr_norm_07100.0,-1.3 , 6.2,7100.0
548,mic_2_fr_norm,mic-2_fr_norm_07500.0,-1.1 , 6.7,7500.0
549,mic_2_fr_norm,mic-2_fr_norm_08000.0,-0.9 , 7.3,8000.0
550,mic_2_fr_norm,mic-2_fr_norm_08500.0,-0.7 , 7.9,8500.0
551,mic_2_fr_norm,mic-2_fr_norm_09000.0,-0.5 , 8.5,9000.0
552,mic_2_fr_norm,mic-2_fr_norm_09500.0,-0.3 , 9.0,9500.0
553,mic_2_fr_norm,mic-2_fr_norm_10000.0,0.0 , 9.6,10000.0
554,mic_2_fr_norm,mic-2_fr_norm_10600.0,-inf , +inf,10600.0
555,mic_2_fr_norm,mic-2_fr_norm_11200.0,-inf , +inf,11200.0
556,mic_2_fr_norm,mic-2_fr_norm_11800.0,-inf , +inf,11800.0
557,mic_2_fr_norm,mic-2_fr_norm_12500.0,-inf , +inf,12500.0
558,mic_2_fr_norm,mic-2_fr_norm_13200.0,-inf , +inf,13200.0
559,mic_2_fr_norm,mic-2_fr_norm_14000.0,-inf , +inf,14000.0
560,mic_2_fr_norm,mic-2_fr_norm_15000.0,-inf , +inf,15000.0
561,mic_2_fr_norm,mic-2_fr_norm_16000.0,-inf , +inf,16000.0
562,mic_2_fr_norm,mic-2_fr_norm_17000.0,-inf , +inf,17000.0
563,mic_2_fr_norm,mic-2_fr_norm_18000.0,-inf , +inf,18000.0
564,mic_2_fr_norm,mic-2_fr_norm_19000.0,-inf , +inf,19000.0
565,mic_2_fr_norm,mic-2_fr_norm_20000.0,-inf , +inf,20000.0
566,mic_2_fr_norm,mic-2_fr_norm_21200.0,-inf , +inf,21200.0
567,mic_2_fr_norm,mic-2_fr_norm_22400.0,-inf , +inf,22400.0
568,mic_2_thd,mic-2_thd_00100.0,-inf , +inf,100.0
569,mic_2_thd,mic-2_thd_00106.0,-inf , +inf,106.0
570,mic_2_thd,mic-2_thd_00112.0,-inf , +inf,112.0
571,mic_2_thd,mic-2_thd_00118.0,-inf , +inf,118.0
572,mic_2_thd,mic-2_thd_00125.0,-inf , +inf,125.0
573,mic_2_thd,mic-2_thd_00132.0,-inf , +inf,132.0
574,mic_2_thd,mic-2_thd_00140.0,-inf , +inf,140.0
575,mic_2_thd,mic-2_thd_00150.0,-inf , +inf,150.0
576,mic_2_thd,mic-2_thd_00160.0,-inf , +inf,160.0
577,mic_2_thd,mic-2_thd_00170.0,-inf , +inf,170.0
578,mic_2_thd,mic-2_thd_00180.0,-inf , +inf,180.0
579,mic_2_thd,mic-2_thd_00190.0,-inf , +inf,190.0
580,mic_2_thd,mic-2_thd_00200.0,-inf , 1.0,200.0
581,mic_2_thd,mic-2_thd_00212.0,-inf , 1.0,212.0
582,mic_2_thd,mic-2_thd_00224.0,-inf , 1.0,224.0
583,mic_2_thd,mic-2_thd_00236.0,-inf , 1.0,236.0
584,mic_2_thd,mic-2_thd_00250.0,-inf , 1.0,250.0
585,mic_2_thd,mic-2_thd_00265.0,-inf , 1.0,265.0
586,mic_2_thd,mic-2_thd_00280.0,-inf , 1.0,280.0
587,mic_2_thd,mic-2_thd_00300.0,-inf , 1.0,300.0
588,mic_2_thd,mic-2_thd_00315.0,-inf , 1.0,315.0
589,mic_2_thd,mic-2_thd_00335.0,-inf , 1.0,335.0
590,mic_2_thd,mic-2_thd_00355.0,-inf , 1.0,355.0
591,mic_2_thd,mic-2_thd_00375.0,-inf , 1.0,375.0
592,mic_2_thd,mic-2_thd_00400.0,-inf , 1.0,400.0
593,mic_2_thd,mic-2_thd_00425.0,-inf , 1.0,425.0
594,mic_2_thd,mic-2_thd_00450.0,-inf , 1.0,450.0
595,mic_2_thd,mic-2_thd_00475.0,-inf , 1.0,475.0
596,mic_2_thd,mic-2_thd_00500.0,-inf , 1.0,500.0
597,mic_2_thd,mic-2_thd_00530.0,-inf , 1.0,530.0
598,mic_2_thd,mic-2_thd_00560.0,-inf , 1.0,560.0
599,mic_2_thd,mic-2_thd_00600.0,-inf , 1.0,600.0
600,mic_2_thd,mic-2_thd_00630.0,-inf , 1.0,630.0
601,mic_2_thd,mic-2_thd_00670.0,-inf , 1.0,670.0
602,mic_2_thd,mic-2_thd_00710.0,-inf , 1.0,710.0
603,mic_2_thd,mic-2_thd_00750.0,-inf , 1.0,750.0
604,mic_2_thd,mic-2_thd_00800.0,-inf , 1.0,800.0
605,mic_2_thd,mic-2_thd_00850.0,-inf , 1.0,850.0
606,mic_2_thd,mic-2_thd_00900.0,-inf , 1.0,900.0
607,mic_2_thd,mic-2_thd_00950.0,-inf , 1.0,950.0
608,mic_2_thd,mic-2_thd_01000.0,-inf , 1.0,1000.0
609,mic_2_thd,mic-2_thd_01060.0,-inf , 1.0,1060.0
610,mic_2_thd,mic-2_thd_01120.0,-inf , 1.0,1120.0
611,mic_2_thd,mic-2_thd_01180.0,-inf , 1.0,1180.0
612,mic_2_thd,mic-2_thd_01250.0,-inf , 1.0,1250.0
613,mic_2_thd,mic-2_thd_01320.0,-inf , 1.0,1320.0
614,mic_2_thd,mic-2_thd_01400.0,-inf , 1.0,1400.0
615,mic_2_thd,mic-2_thd_01500.0,-inf , 1.0,1500.0
616,mic_2_thd,mic-2_thd_01600.0,-inf , 1.0,1600.0
617,mic_2_thd,mic-2_thd_01700.0,-inf , 1.0,1700.0
618,mic_2_thd,mic-2_thd_01800.0,-inf , 1.0,1800.0
619,mic_2_thd,mic-2_thd_01900.0,-inf , 1.0,1900.0
620,mic_2_thd,mic-2_thd_02000.0,-inf , 1.0,2000.0
621,mic_2_thd,mic-2_thd_02120.0,-inf , 1.0,2120.0
622,mic_2_thd,mic-2_thd_02240.0,-inf , 1.0,2240.0
623,mic_2_thd,mic-2_thd_02360.0,-inf , 1.0,2360.0
624,mic_2_thd,mic-2_thd_02500.0,-inf , 1.0,2500.0
625,mic_2_thd,mic-2_thd_02650.0,-inf , 1.0,2650.0
626,mic_2_thd,mic-2_thd_02800.0,-inf , 1.0,2800.0
627,mic_2_thd,mic-2_thd_03000.0,-inf , 1.0,3000.0
628,mic_2_thd,mic-2_thd_03150.0,-inf , 1.0,3150.0
629,mic_2_thd,mic-2_thd_03350.0,-inf , 1.0,3350.0
630,mic_2_thd,mic-2_thd_03550.0,-inf , 1.0,3550.0
631,mic_2_thd,mic-2_thd_03750.0,-inf , 1.0,3750.0
632,mic_2_thd,mic-2_thd_04000.0,-inf , 1.0,4000.0
633,mic_2_thd,mic-2_thd_04250.0,-inf , 1.0,4250.0
634,mic_2_thd,mic-2_thd_04500.0,-inf , 1.0,4500.0
635,mic_2_thd,mic-2_thd_04750.0,-inf , 1.0,4750.0
636,mic_2_thd,mic-2_thd_05000.0,-inf , 1.0,5000.0
637,mic_2_thd,mic-2_thd_05300.0,-inf , 1.0,5300.0
638,mic_2_thd,mic-2_thd_05600.0,-inf , 1.0,5600.0
639,mic_2_thd,mic-2_thd_06000.0,-inf , 1.0,6000.0
640,mic_2_thd,mic-2_thd_06300.0,-inf , 1.0,6300.0
641,mic_2_thd,mic-2_thd_06700.0,-inf , 1.0,6700.0
642,mic_2_thd,mic-2_thd_07100.0,-inf , 1.0,7100.0
643,mic_2_thd,mic-2_thd_07500.0,-inf , 1.0,7500.0
644,mic_2_thd,mic-2_thd_08000.0,-inf , 1.0,8000.0
645,mic_2_thd,mic-2_thd_08500.0,-inf , 1.0,8500.0
646,mic_2_thd,mic-2_thd_09000.0,-inf , 1.0,9000.0
647,mic_2_thd,mic-2_thd_09500.0,-inf , 1.0,9500.0
648,mic_2_thd,mic-2_thd_10000.0,-inf , 1.0,10000.0
649,mic_2_seal_chirp,mic-2_seal_chirp_00100.0,20.0 , +inf,100.0
650,mic_2_seal_chirp,mic-2_seal_chirp_00106.0,20.0 , +inf,106.0
651,mic_2_seal_chirp,mic-2_seal_chirp_00112.0,20.0 , +inf,112.0
652,mic_2_seal_chirp,mic-2_seal_chirp_00118.0,20.0 , +inf,118.0
653,mic_2_seal_chirp,mic-2_seal_chirp_00125.0,20.0 , +inf,125.0
654,mic_2_seal_chirp,mic-2_seal_chirp_00132.0,20.0 , +inf,132.0
655,mic_2_seal_chirp,mic-2_seal_chirp_00140.0,20.0 , +inf,140.0
656,mic_2_seal_chirp,mic-2_seal_chirp_00150.0,20.0 , +inf,150.0
657,mic_2_seal_chirp,mic-2_seal_chirp_00160.0,20.0 , +inf,160.0
658,mic_2_seal_chirp,mic-2_seal_chirp_00170.0,20.0 , +inf,170.0
659,mic_2_seal_chirp,mic-2_seal_chirp_00180.0,20.0 , +inf,180.0
660,mic_2_seal_chirp,mic-2_seal_chirp_00190.0,20.0 , +inf,190.0
661,mic_2_seal_chirp,mic-2_seal_chirp_00200.0,20.0 , +inf,200.0
662,mic_2_seal_chirp,mic-2_seal_chirp_00212.0,20.0 , +inf,212.0
663,mic_2_seal_chirp,mic-2_seal_chirp_00224.0,20.0 , +inf,224.0
664,mic_2_seal_chirp,mic-2_seal_chirp_00236.0,20.0 , +inf,236.0
665,mic_2_seal_chirp,mic-2_seal_chirp_00250.0,20.0 , +inf,250.0
666,mic_2_seal_chirp,mic-2_seal_chirp_00265.0,20.0 , +inf,265.0
667,mic_2_seal_chirp,mic-2_seal_chirp_00280.0,20.0 , +inf,280.0
668,mic_2_seal_chirp,mic-2_seal_chirp_00300.0,20.0 , +inf,300.0
669,mic_2_seal_chirp,mic-2_seal_chirp_00315.0,20.0 , +inf,315.0
670,mic_2_seal_chirp,mic-2_seal_chirp_00335.0,20.0 , +inf,335.0
671,mic_2_seal_chirp,mic-2_seal_chirp_00355.0,20.0 , +inf,355.0
672,mic_2_seal_chirp,mic-2_seal_chirp_00375.0,20.0 , +inf,375.0
673,mic_2_seal_chirp,mic-2_seal_chirp_00400.0,20.0 , +inf,400.0
674,mic_2_seal_chirp,mic-2_seal_chirp_00425.0,20.0 , +inf,425.0
675,mic_2_seal_chirp,mic-2_seal_chirp_00450.0,20.0 , +inf,450.0
676,mic_2_seal_chirp,mic-2_seal_chirp_00475.0,20.0 , +inf,475.0
677,mic_2_seal_chirp,mic-2_seal_chirp_00500.0,20.0 , +inf,500.0
678,mic_2_seal_chirp,mic-2_seal_chirp_00530.0,20.0 , +inf,530.0
679,mic_2_seal_chirp,mic-2_seal_chirp_00560.0,20.0 , +inf,560.0
680,mic_2_seal_chirp,mic-2_seal_chirp_00600.0,20.0 , +inf,600.0
681,mic_2_seal_chirp,mic-2_seal_chirp_00630.0,20.0 , +inf,630.0
682,mic_2_seal_chirp,mic-2_seal_chirp_00670.0,20.0 , +inf,670.0
683,mic_2_seal_chirp,mic-2_seal_chirp_00710.0,20.0 , +inf,710.0
684,mic_2_seal_chirp,mic-2_seal_chirp_00750.0,20.0 , +inf,750.0
685,mic_2_seal_chirp,mic-2_seal_chirp_00800.0,20.0 , +inf,800.0
686,mic_2_seal_chirp,mic-2_seal_chirp_00850.0,20.0 , +inf,850.0
687,mic_2_seal_chirp,mic-2_seal_chirp_00900.0,20.0 , +inf,900.0
688,mic_2_seal_chirp,mic-2_seal_chirp_00950.0,20.0 , +inf,950.0
689,mic_2_seal_chirp,mic-2_seal_chirp_01000.0,20.0 , +inf,1000.0
690,mic_2_seal_chirp,mic-2_seal_chirp_01060.0,20.0 , +inf,1060.0
691,mic_2_seal_chirp,mic-2_seal_chirp_01120.0,20.0 , +inf,1120.0
692,mic_2_seal_chirp,mic-2_seal_chirp_01180.0,20.0 , +inf,1180.0
693,mic_2_seal_chirp,mic-2_seal_chirp_01250.0,20.0 , +inf,1250.0
694,mic_2_seal_chirp,mic-2_seal_chirp_01320.0,20.0 , +inf,1320.0
695,mic_2_seal_chirp,mic-2_seal_chirp_01400.0,20.0 , +inf,1400.0
696,mic_2_seal_chirp,mic-2_seal_chirp_01500.0,20.0 , +inf,1500.0
697,mic_2_seal_chirp,mic-2_seal_chirp_01600.0,20.0 , +inf,1600.0
698,mic_2_seal_chirp,mic-2_seal_chirp_01700.0,20.0 , +inf,1700.0
699,mic_2_seal_chirp,mic-2_seal_chirp_01800.0,20.0 , +inf,1800.0
700,mic_2_seal_chirp,mic-2_seal_chirp_01900.0,20.0 , +inf,1900.0
701,mic_2_seal_chirp,mic-2_seal_chirp_02000.0,20.0 , +inf,2000.0
702,mic_2_seal_chirp,mic-2_seal_chirp_02120.0,20.0 , +inf,2120.0
703,mic_2_seal_chirp,mic-2_seal_chirp_02240.0,20.0 , +inf,2240.0
704,mic_2_seal_chirp,mic-2_seal_chirp_02360.0,20.0 , +inf,2360.0
705,mic_2_seal_chirp,mic-2_seal_chirp_02500.0,20.0 , +inf,2500.0
706,mic_2_seal_chirp,mic-2_seal_chirp_02650.0,20.0 , +inf,2650.0
707,mic_2_seal_chirp,mic-2_seal_chirp_02800.0,20.0 , +inf,2800.0
708,mic_2_seal_chirp,mic-2_seal_chirp_03000.0,20.0 , +inf,3000.0
709,mic_2_seal_chirp,mic-2_seal_chirp_03150.0,20.0 , +inf,3150.0
710,mic_2_seal_chirp,mic-2_seal_chirp_03350.0,20.0 , +inf,3350.0
711,mic_2_seal_chirp,mic-2_seal_chirp_03550.0,20.0 , +inf,3550.0
712,mic_2_seal_chirp,mic-2_seal_chirp_03750.0,20.0 , +inf,3750.0
713,mic_2_seal_chirp,mic-2_seal_chirp_04000.0,21.4 , +inf,4000.0
714,mic_2_seal_chirp,mic-2_seal_chirp_04250.0,22.7 , +inf,4250.0
715,mic_2_seal_chirp,mic-2_seal_chirp_04500.0,23.9 , +inf,4500.0
716,mic_2_seal_chirp,mic-2_seal_chirp_04750.0,25.0 , +inf,4750.0
717,mic_2_seal_chirp,mic-2_seal_chirp_05000.0,26.1 , +inf,5000.0
718,mic_2_seal_chirp,mic-2_seal_chirp_05300.0,27.4 , +inf,5300.0
719,mic_2_seal_chirp,mic-2_seal_chirp_05600.0,28.5 , +inf,5600.0
720,mic_2_seal_chirp,mic-2_seal_chirp_06000.0,30.0 , +inf,6000.0
721,mic_2_seal_chirp,mic-2_seal_chirp_06300.0,30.0 , +inf,6300.0
722,mic_2_seal_chirp,mic-2_seal_chirp_06700.0,30.0 , +inf,6700.0
723,mic_2_seal_chirp,mic-2_seal_chirp_07100.0,30.0 , +inf,7100.0
724,mic_2_seal_chirp,mic-2_seal_chirp_07500.0,30.0 , +inf,7500.0
725,mic_2_seal_chirp,mic-2_seal_chirp_08000.0,30.0 , +inf,8000.0
726,mic_2_seal_chirp,mic-2_seal_chirp_08500.0,30.0 , +inf,8500.0
727,mic_2_seal_chirp,mic-2_seal_chirp_09000.0,30.0 , +inf,9000.0
728,mic_2_seal_chirp,mic-2_seal_chirp_09500.0,30.0 , +inf,9500.0
729,mic_2_seal_chirp,mic-2_seal_chirp_10000.0,30.0 , +inf,10000.0
730,mic_2_seal_chirp,mic-2_seal_chirp_10600.0,-inf , +inf,10600.0
731,mic_2_seal_chirp,mic-2_seal_chirp_11200.0,-inf , +inf,11200.0
732,mic_2_seal_chirp,mic-2_seal_chirp_11800.0,-inf , +inf,11800.0
733,mic_2_seal_chirp,mic-2_seal_chirp_12500.0,-inf , +inf,12500.0
734,mic_2_seal_chirp,mic-2_seal_chirp_13200.0,-inf , +inf,13200.0
735,mic_2_seal_chirp,mic-2_seal_chirp_14000.0,-inf , +inf,14000.0
736,mic_2_seal_chirp,mic-2_seal_chirp_15000.0,-inf , +inf,15000.0
737,mic_2_seal_chirp,mic-2_seal_chirp_16000.0,-inf , +inf,16000.0
738,mic_2_seal_chirp,mic-2_seal_chirp_17000.0,-inf , +inf,17000.0
739,mic_2_seal_chirp,mic-2_seal_chirp_18000.0,-inf , +inf,18000.0
740,mic_2_seal_chirp,mic-2_seal_chirp_19000.0,-inf , +inf,19000.0
741,mic_2_seal_chirp,mic-2_seal_chirp_20000.0,-inf , +inf,20000.0
742,mic_2_seal_chirp,mic-2_seal_chirp_21200.0,-inf , +inf,21200.0
743,mic_2_seal_chirp,mic-2_seal_chirp_22400.0,-inf , +inf,22400.0
746,mic_3_fr,mic-3_fr_00100.0,-inf , +inf,100.0
747,mic_3_fr,mic-3_fr_00106.0,-inf , +inf,106.0
748,mic_3_fr,mic-3_fr_00112.0,-inf , +inf,112.0
749,mic_3_fr,mic-3_fr_00118.0,-inf , +inf,118.0
750,mic_3_fr,mic-3_fr_00125.0,-inf , +inf,125.0
751,mic_3_fr,mic-3_fr_00132.0,-inf , +inf,132.0
752,mic_3_fr,mic-3_fr_00140.0,-inf , +inf,140.0
753,mic_3_fr,mic-3_fr_00150.0,-inf , +inf,150.0
754,mic_3_fr,mic-3_fr_00160.0,-inf , +inf,160.0
755,mic_3_fr,mic-3_fr_00170.0,-inf , +inf,170.0
756,mic_3_fr,mic-3_fr_00180.0,-inf , +inf,180.0
757,mic_3_fr,mic-3_fr_00190.0,-inf , +inf,190.0
758,mic_3_fr,mic-3_fr_00200.0,-inf , +inf,200.0
759,mic_3_fr,mic-3_fr_00212.0,-inf , +inf,212.0
760,mic_3_fr,mic-3_fr_00224.0,-inf , +inf,224.0
761,mic_3_fr,mic-3_fr_00236.0,-inf , +inf,236.0
762,mic_3_fr,mic-3_fr_00250.0,-inf , +inf,250.0
763,mic_3_fr,mic-3_fr_00265.0,-inf , +inf,265.0
764,mic_3_fr,mic-3_fr_00280.0,-inf , +inf,280.0
765,mic_3_fr,mic-3_fr_00300.0,-inf , +inf,300.0
766,mic_3_fr,mic-3_fr_00315.0,-inf , +inf,315.0
767,mic_3_fr,mic-3_fr_00335.0,-inf , +inf,335.0
768,mic_3_fr,mic-3_fr_00355.0,-inf , +inf,355.0
769,mic_3_fr,mic-3_fr_00375.0,-inf , +inf,375.0
770,mic_3_fr,mic-3_fr_00400.0,-inf , +inf,400.0
771,mic_3_fr,mic-3_fr_00425.0,-inf , +inf,425.0
772,mic_3_fr,mic-3_fr_00450.0,-inf , +inf,450.0
773,mic_3_fr,mic-3_fr_00475.0,-inf , +inf,475.0
774,mic_3_fr,mic-3_fr_00500.0,-inf , +inf,500.0
775,mic_3_fr,mic-3_fr_00530.0,-inf , +inf,530.0
776,mic_3_fr,mic-3_fr_00560.0,-inf , +inf,560.0
777,mic_3_fr,mic-3_fr_00600.0,-inf , +inf,600.0
778,mic_3_fr,mic-3_fr_00630.0,-inf , +inf,630.0
779,mic_3_fr,mic-3_fr_00670.0,-inf , +inf,670.0
780,mic_3_fr,mic-3_fr_00710.0,-inf , +inf,710.0
781,mic_3_fr,mic-3_fr_00750.0,-inf , +inf,750.0
782,mic_3_fr,mic-3_fr_00800.0,-inf , +inf,800.0
783,mic_3_fr,mic-3_fr_00850.0,-inf , +inf,850.0
784,mic_3_fr,mic-3_fr_00900.0,-inf , +inf,900.0
785,mic_3_fr,mic-3_fr_00950.0,-inf , +inf,950.0
786,mic_3_fr,mic-3_fr_01000.0,-inf , +inf,1000.0
787,mic_3_fr,mic-3_fr_01060.0,-inf , +inf,1060.0
788,mic_3_fr,mic-3_fr_01120.0,-inf , +inf,1120.0
789,mic_3_fr,mic-3_fr_01180.0,-inf , +inf,1180.0
790,mic_3_fr,mic-3_fr_01250.0,-inf , +inf,1250.0
791,mic_3_fr,mic-3_fr_01320.0,-inf , +inf,1320.0
792,mic_3_fr,mic-3_fr_01400.0,-inf , +inf,1400.0
793,mic_3_fr,mic-3_fr_01500.0,-inf , +inf,1500.0
794,mic_3_fr,mic-3_fr_01600.0,-inf , +inf,1600.0
795,mic_3_fr,mic-3_fr_01700.0,-inf , +inf,1700.0
796,mic_3_fr,mic-3_fr_01800.0,-inf , +inf,1800.0
797,mic_3_fr,mic-3_fr_01900.0,-inf , +inf,1900.0
798,mic_3_fr,mic-3_fr_02000.0,-inf , +inf,2000.0
799,mic_3_fr,mic-3_fr_02120.0,-inf , +inf,2120.0
800,mic_3_fr,mic-3_fr_02240.0,-inf , +inf,2240.0
801,mic_3_fr,mic-3_fr_02360.0,-inf , +inf,2360.0
802,mic_3_fr,mic-3_fr_02500.0,-inf , +inf,2500.0
803,mic_3_fr,mic-3_fr_02650.0,-inf , +inf,2650.0
804,mic_3_fr,mic-3_fr_02800.0,-inf , +inf,2800.0
805,mic_3_fr,mic-3_fr_03000.0,-inf , +inf,3000.0
806,mic_3_fr,mic-3_fr_03150.0,-inf , +inf,3150.0
807,mic_3_fr,mic-3_fr_03350.0,-inf , +inf,3350.0
808,mic_3_fr,mic-3_fr_03550.0,-inf , +inf,3550.0
809,mic_3_fr,mic-3_fr_03750.0,-inf , +inf,3750.0
810,mic_3_fr,mic-3_fr_04000.0,-inf , +inf,4000.0
811,mic_3_fr,mic-3_fr_04250.0,-inf , +inf,4250.0
812,mic_3_fr,mic-3_fr_04500.0,-inf , +inf,4500.0
813,mic_3_fr,mic-3_fr_04750.0,-inf , +inf,4750.0
814,mic_3_fr,mic-3_fr_05000.0,-inf , +inf,5000.0
815,mic_3_fr,mic-3_fr_05300.0,-inf , +inf,5300.0
816,mic_3_fr,mic-3_fr_05600.0,-inf , +inf,5600.0
817,mic_3_fr,mic-3_fr_06000.0,-inf , +inf,6000.0
818,mic_3_fr,mic-3_fr_06300.0,-inf , +inf,6300.0
819,mic_3_fr,mic-3_fr_06700.0,-inf , +inf,6700.0
820,mic_3_fr,mic-3_fr_07100.0,-inf , +inf,7100.0
821,mic_3_fr,mic-3_fr_07500.0,-inf , +inf,7500.0
822,mic_3_fr,mic-3_fr_08000.0,-inf , +inf,8000.0
823,mic_3_fr,mic-3_fr_08500.0,-inf , +inf,8500.0
824,mic_3_fr,mic-3_fr_09000.0,-inf , +inf,9000.0
825,mic_3_fr,mic-3_fr_09500.0,-inf , +inf,9500.0
826,mic_3_fr,mic-3_fr_10000.0,-inf , +inf,10000.0
827,mic_3_fr,mic-3_fr_10600.0,-inf , +inf,10600.0
828,mic_3_fr,mic-3_fr_11200.0,-inf , +inf,11200.0
829,mic_3_fr,mic-3_fr_11800.0,-inf , +inf,11800.0
830,mic_3_fr,mic-3_fr_12500.0,-inf , +inf,12500.0
831,mic_3_fr,mic-3_fr_13200.0,-inf , +inf,13200.0
832,mic_3_fr,mic-3_fr_14000.0,-inf , +inf,14000.0
833,mic_3_fr,mic-3_fr_15000.0,-inf , +inf,15000.0
834,mic_3_fr,mic-3_fr_16000.0,-inf , +inf,16000.0
835,mic_3_fr,mic-3_fr_17000.0,-inf , +inf,17000.0
836,mic_3_fr,mic-3_fr_18000.0,-inf , +inf,18000.0
837,mic_3_fr,mic-3_fr_19000.0,-inf , +inf,19000.0
838,mic_3_fr,mic-3_fr_20000.0,-inf , +inf,20000.0
839,mic_3_fr,mic-3_fr_21200.0,-inf , +inf,21200.0
840,mic_3_fr,mic-3_fr_22400.0,-inf , +inf,22400.0
841,mic_3_fr_norm,mic-3_fr_norm_00100.0,-2.2 , 1.8,100.0
842,mic_3_fr_norm,mic-3_fr_norm_00106.0,-2.1 , 1.9,106.0
843,mic_3_fr_norm,mic-3_fr_norm_00112.0,-2.0 , 2.0,112.0
844,mic_3_fr_norm,mic-3_fr_norm_00118.0,-2.0 , 2.0,118.0
845,mic_3_fr_norm,mic-3_fr_norm_00125.0,-2.0 , 2.0,125.0
846,mic_3_fr_norm,mic-3_fr_norm_00132.0,-2.0 , 2.0,132.0
847,mic_3_fr_norm,mic-3_fr_norm_00140.0,-2.0 , 2.0,140.0
848,mic_3_fr_norm,mic-3_fr_norm_00150.0,-2.0 , 2.0,150.0
849,mic_3_fr_norm,mic-3_fr_norm_00160.0,-2.0 , 2.0,160.0
850,mic_3_fr_norm,mic-3_fr_norm_00170.0,-2.0 , 2.0,170.0
851,mic_3_fr_norm,mic-3_fr_norm_00180.0,-2.0 , 2.0,180.0
852,mic_3_fr_norm,mic-3_fr_norm_00190.0,-2.0 , 2.0,190.0
853,mic_3_fr_norm,mic-3_fr_norm_00200.0,-2.0 , 2.0,200.0
854,mic_3_fr_norm,mic-3_fr_norm_00212.0,-2.0 , 2.0,212.0
855,mic_3_fr_norm,mic-3_fr_norm_00224.0,-2.0 , 2.0,224.0
856,mic_3_fr_norm,mic-3_fr_norm_00236.0,-2.0 , 2.0,236.0
857,mic_3_fr_norm,mic-3_fr_norm_00250.0,-2.0 , 2.0,250.0
858,mic_3_fr_norm,mic-3_fr_norm_00265.0,-2.0 , 2.0,265.0
859,mic_3_fr_norm,mic-3_fr_norm_00280.0,-2.0 , 2.0,280.0
860,mic_3_fr_norm,mic-3_fr_norm_00300.0,-2.0 , 2.0,300.0
861,mic_3_fr_norm,mic-3_fr_norm_00315.0,-2.0 , 2.0,315.0
862,mic_3_fr_norm,mic-3_fr_norm_00335.0,-2.0 , 2.0,335.0
863,mic_3_fr_norm,mic-3_fr_norm_00355.0,-2.0 , 2.0,355.0
864,mic_3_fr_norm,mic-3_fr_norm_00375.0,-2.0 , 2.0,375.0
865,mic_3_fr_norm,mic-3_fr_norm_00400.0,-2.0 , 2.0,400.0
866,mic_3_fr_norm,mic-3_fr_norm_00425.0,-1.9 , 2.1,425.0
867,mic_3_fr_norm,mic-3_fr_norm_00450.0,-2.0 , 2.0,450.0
868,mic_3_fr_norm,mic-3_fr_norm_00475.0,-1.9 , 2.1,475.0
869,mic_3_fr_norm,mic-3_fr_norm_00500.0,-2.0 , 2.0,500.0
870,mic_3_fr_norm,mic-3_fr_norm_00530.0,-2.0 , 2.0,530.0
871,mic_3_fr_norm,mic-3_fr_norm_00560.0,-1.9 , 2.1,560.0
872,mic_3_fr_norm,mic-3_fr_norm_00600.0,-1.9 , 2.1,600.0
873,mic_3_fr_norm,mic-3_fr_norm_00630.0,-2.0 , 2.0,630.0
874,mic_3_fr_norm,mic-3_fr_norm_00670.0,-1.9 , 2.1,670.0
875,mic_3_fr_norm,mic-3_fr_norm_00710.0,-2.0 , 2.0,710.0
876,mic_3_fr_norm,mic-3_fr_norm_00750.0,-1.9 , 2.1,750.0
877,mic_3_fr_norm,mic-3_fr_norm_00800.0,-1.9 , 2.1,800.0
878,mic_3_fr_norm,mic-3_fr_norm_00850.0,-2.0 , 2.0,850.0
879,mic_3_fr_norm,mic-3_fr_norm_00900.0,-2.0 , 2.0,900.0
880,mic_3_fr_norm,mic-3_fr_norm_00950.0,-2.0 , 2.0,950.0
881,mic_3_fr_norm,mic-3_fr_norm_01000.0,-2.0 , 2.0,1000.0
882,mic_3_fr_norm,mic-3_fr_norm_01060.0,-2.0 , 2.0,1060.0
883,mic_3_fr_norm,mic-3_fr_norm_01120.0,-2.0 , 2.0,1120.0
884,mic_3_fr_norm,mic-3_fr_norm_01180.0,-2.1 , 1.9,1180.0
885,mic_3_fr_norm,mic-3_fr_norm_01250.0,-2.0 , 2.0,1250.0
886,mic_3_fr_norm,mic-3_fr_norm_01320.0,-2.0 , 2.0,1320.0
887,mic_3_fr_norm,mic-3_fr_norm_01400.0,-2.0 , 2.0,1400.0
888,mic_3_fr_norm,mic-3_fr_norm_01500.0,-2.0 , 2.1,1500.0
889,mic_3_fr_norm,mic-3_fr_norm_01600.0,-1.9 , 2.2,1600.0
890,mic_3_fr_norm,mic-3_fr_norm_01700.0,-1.8 , 2.2,1700.0
891,mic_3_fr_norm,mic-3_fr_norm_01800.0,-2.0 , 2.2,1800.0
892,mic_3_fr_norm,mic-3_fr_norm_01900.0,-1.9 , 2.3,1900.0
893,mic_3_fr_norm,mic-3_fr_norm_02000.0,-1.9 , 2.3,2000.0
894,mic_3_fr_norm,mic-3_fr_norm_02120.0,-1.8 , 2.5,2120.0
895,mic_3_fr_norm,mic-3_fr_norm_02240.0,-1.8 , 2.4,2240.0
896,mic_3_fr_norm,mic-3_fr_norm_02360.0,-1.8 , 2.5,2360.0
897,mic_3_fr_norm,mic-3_fr_norm_02500.0,-1.7 , 2.5,2500.0
898,mic_3_fr_norm,mic-3_fr_norm_02650.0,-1.6 , 2.7,2650.0
899,mic_3_fr_norm,mic-3_fr_norm_02800.0,-1.6 , 2.8,2800.0
900,mic_3_fr_norm,mic-3_fr_norm_03000.0,-1.6 , 3.0,3000.0
901,mic_3_fr_norm,mic-3_fr_norm_03150.0,-1.6 , 3.0,3150.0
902,mic_3_fr_norm,mic-3_fr_norm_03350.0,-1.5 , 3.2,3350.0
903,mic_3_fr_norm,mic-3_fr_norm_03550.0,-1.5 , 3.5,3550.0
904,mic_3_fr_norm,mic-3_fr_norm_03750.0,-1.4 , 3.7,3750.0
905,mic_3_fr_norm,mic-3_fr_norm_04000.0,-1.3 , 3.9,4000.0
906,mic_3_fr_norm,mic-3_fr_norm_04250.0,-1.3 , 4.2,4250.0
907,mic_3_fr_norm,mic-3_fr_norm_04500.0,-1.2 , 4.5,4500.0
908,mic_3_fr_norm,mic-3_fr_norm_04750.0,-1.1 , 4.9,4750.0
909,mic_3_fr_norm,mic-3_fr_norm_05000.0,-0.9 , 5.3,5000.0
910,mic_3_fr_norm,mic-3_fr_norm_05300.0,-0.7 , 5.8,5300.0
911,mic_3_fr_norm,mic-3_fr_norm_05600.0,-0.5 , 6.4,5600.0
912,mic_3_fr_norm,mic-3_fr_norm_06000.0,-0.1 , 7.4,6000.0
913,mic_3_fr_norm,mic-3_fr_norm_06300.0,0.0 , 7.8,6300.0
914,mic_3_fr_norm,mic-3_fr_norm_06700.0,0.6 , 8.6,6700.0
915,mic_3_fr_norm,mic-3_fr_norm_07100.0,1.1 , 9.9,7100.0
916,mic_3_fr_norm,mic-3_fr_norm_07500.0,1.8 , 11.4,7500.0
917,mic_3_fr_norm,mic-3_fr_norm_08000.0,2.4 , 12.6,8000.0
918,mic_3_fr_norm,mic-3_fr_norm_08500.0,3.0 , 14.0,8500.0
919,mic_3_fr_norm,mic-3_fr_norm_09000.0,4.1 , 15.1,9000.0
920,mic_3_fr_norm,mic-3_fr_norm_09500.0,5.9 , 16.7,9500.0
921,mic_3_fr_norm,mic-3_fr_norm_10000.0,7.1 , 18.5,10000.0
922,mic_3_fr_norm,mic-3_fr_norm_10600.0,-inf , +inf,10600.0
923,mic_3_fr_norm,mic-3_fr_norm_11200.0,-inf , +inf,11200.0
924,mic_3_fr_norm,mic-3_fr_norm_11800.0,-inf , +inf,11800.0
925,mic_3_fr_norm,mic-3_fr_norm_12500.0,-inf , +inf,12500.0
926,mic_3_fr_norm,mic-3_fr_norm_13200.0,-inf , +inf,13200.0
927,mic_3_fr_norm,mic-3_fr_norm_14000.0,-inf , +inf,14000.0
928,mic_3_fr_norm,mic-3_fr_norm_15000.0,-inf , +inf,15000.0
929,mic_3_fr_norm,mic-3_fr_norm_16000.0,-inf , +inf,16000.0
930,mic_3_fr_norm,mic-3_fr_norm_17000.0,-inf , +inf,17000.0
931,mic_3_fr_norm,mic-3_fr_norm_18000.0,-inf , +inf,18000.0
932,mic_3_fr_norm,mic-3_fr_norm_19000.0,-inf , +inf,19000.0
933,mic_3_fr_norm,mic-3_fr_norm_20000.0,-inf , +inf,20000.0
934,mic_3_fr_norm,mic-3_fr_norm_21200.0,-inf , +inf,21200.0
935,mic_3_fr_norm,mic-3_fr_norm_22400.0,-inf , +inf,22400.0
936,mic_3_thd,mic-3_thd_00100.0,-inf , +inf,100.0
937,mic_3_thd,mic-3_thd_00106.0,-inf , +inf,106.0
938,mic_3_thd,mic-3_thd_00112.0,-inf , +inf,112.0
939,mic_3_thd,mic-3_thd_00118.0,-inf , +inf,118.0
940,mic_3_thd,mic-3_thd_00125.0,-inf , +inf,125.0
941,mic_3_thd,mic-3_thd_00132.0,-inf , +inf,132.0
942,mic_3_thd,mic-3_thd_00140.0,-inf , +inf,140.0
943,mic_3_thd,mic-3_thd_00150.0,-inf , +inf,150.0
944,mic_3_thd,mic-3_thd_00160.0,-inf , +inf,160.0
945,mic_3_thd,mic-3_thd_00170.0,-inf , +inf,170.0
946,mic_3_thd,mic-3_thd_00180.0,-inf , +inf,180.0
947,mic_3_thd,mic-3_thd_00190.0,-inf , +inf,190.0
948,mic_3_thd,mic-3_thd_00200.0,-inf , 1.0,200.0
949,mic_3_thd,mic-3_thd_00212.0,-inf , 1.0,212.0
950,mic_3_thd,mic-3_thd_00224.0,-inf , 1.0,224.0
951,mic_3_thd,mic-3_thd_00236.0,-inf , 1.0,236.0
952,mic_3_thd,mic-3_thd_00250.0,-inf , 1.0,250.0
953,mic_3_thd,mic-3_thd_00265.0,-inf , 1.0,265.0
954,mic_3_thd,mic-3_thd_00280.0,-inf , 1.0,280.0
955,mic_3_thd,mic-3_thd_00300.0,-inf , 1.0,300.0
956,mic_3_thd,mic-3_thd_00315.0,-inf , 1.0,315.0
957,mic_3_thd,mic-3_thd_00335.0,-inf , 1.0,335.0
958,mic_3_thd,mic-3_thd_00355.0,-inf , 1.0,355.0
959,mic_3_thd,mic-3_thd_00375.0,-inf , 1.0,375.0
960,mic_3_thd,mic-3_thd_00400.0,-inf , 1.0,400.0
961,mic_3_thd,mic-3_thd_00425.0,-inf , 1.0,425.0
962,mic_3_thd,mic-3_thd_00450.0,-inf , 1.0,450.0
963,mic_3_thd,mic-3_thd_00475.0,-inf , 1.0,475.0
964,mic_3_thd,mic-3_thd_00500.0,-inf , 1.0,500.0
965,mic_3_thd,mic-3_thd_00530.0,-inf , 1.0,530.0
966,mic_3_thd,mic-3_thd_00560.0,-inf , 1.0,560.0
967,mic_3_thd,mic-3_thd_00600.0,-inf , 1.0,600.0
968,mic_3_thd,mic-3_thd_00630.0,-inf , 1.0,630.0
969,mic_3_thd,mic-3_thd_00670.0,-inf , 1.0,670.0
970,mic_3_thd,mic-3_thd_00710.0,-inf , 1.0,710.0
971,mic_3_thd,mic-3_thd_00750.0,-inf , 1.0,750.0
972,mic_3_thd,mic-3_thd_00800.0,-inf , 1.0,800.0
973,mic_3_thd,mic-3_thd_00850.0,-inf , 1.0,850.0
974,mic_3_thd,mic-3_thd_00900.0,-inf , 1.0,900.0
975,mic_3_thd,mic-3_thd_00950.0,-inf , 1.0,950.0
976,mic_3_thd,mic-3_thd_01000.0,-inf , 1.0,1000.0
977,mic_3_thd,mic-3_thd_01060.0,-inf , 1.0,1060.0
978,mic_3_thd,mic-3_thd_01120.0,-inf , 1.0,1120.0
979,mic_3_thd,mic-3_thd_01180.0,-inf , 1.0,1180.0
980,mic_3_thd,mic-3_thd_01250.0,-inf , 1.0,1250.0
981,mic_3_thd,mic-3_thd_01320.0,-inf , 1.0,1320.0
982,mic_3_thd,mic-3_thd_01400.0,-inf , 1.0,1400.0
983,mic_3_thd,mic-3_thd_01500.0,-inf , 1.0,1500.0
984,mic_3_thd,mic-3_thd_01600.0,-inf , 1.0,1600.0
985,mic_3_thd,mic-3_thd_01700.0,-inf , 1.0,1700.0
986,mic_3_thd,mic-3_thd_01800.0,-inf , 1.0,1800.0
987,mic_3_thd,mic-3_thd_01900.0,-inf , 1.0,1900.0
988,mic_3_thd,mic-3_thd_02000.0,-inf , 1.0,2000.0
989,mic_3_thd,mic-3_thd_02120.0,-inf , 1.0,2120.0
990,mic_3_thd,mic-3_thd_02240.0,-inf , 1.0,2240.0
991,mic_3_thd,mic-3_thd_02360.0,-inf , 1.0,2360.0
992,mic_3_thd,mic-3_thd_02500.0,-inf , 1.0,2500.0
993,mic_3_thd,mic-3_thd_02650.0,-inf , 1.0,2650.0
994,mic_3_thd,mic-3_thd_02800.0,-inf , 1.0,2800.0
995,mic_3_thd,mic-3_thd_03000.0,-inf , 1.0,3000.0
996,mic_3_thd,mic-3_thd_03150.0,-inf , 1.0,3150.0
997,mic_3_thd,mic-3_thd_03350.0,-inf , 1.0,3350.0
998,mic_3_thd,mic-3_thd_03550.0,-inf , 1.0,3550.0
999,mic_3_thd,mic-3_thd_03750.0,-inf , 1.0,3750.0
1000,mic_3_thd,mic-3_thd_04000.0,-inf , 1.0,4000.0
1001,mic_3_thd,mic-3_thd_04250.0,-inf , 1.0,4250.0
1002,mic_3_thd,mic-3_thd_04500.0,-inf , 1.0,4500.0
1003,mic_3_thd,mic-3_thd_04750.0,-inf , 1.0,4750.0
1004,mic_3_thd,mic-3_thd_05000.0,-inf , 1.0,5000.0
1005,mic_3_thd,mic-3_thd_05300.0,-inf , 1.0,5300.0
1006,mic_3_thd,mic-3_thd_05600.0,-inf , 1.0,5600.0
1007,mic_3_thd,mic-3_thd_06000.0,-inf , 1.0,6000.0
1008,mic_3_thd,mic-3_thd_06300.0,-inf , 1.0,6300.0
1009,mic_3_thd,mic-3_thd_06700.0,-inf , 1.0,6700.0
1010,mic_3_thd,mic-3_thd_07100.0,-inf , 1.0,7100.0
1011,mic_3_thd,mic-3_thd_07500.0,-inf , 1.0,7500.0
1012,mic_3_thd,mic-3_thd_08000.0,-inf , 1.0,8000.0
1013,mic_3_thd,mic-3_thd_08500.0,-inf , 1.0,8500.0
1014,mic_3_thd,mic-3_thd_09000.0,-inf , 1.0,9000.0
1015,mic_3_thd,mic-3_thd_09500.0,-inf , 1.0,9500.0
1016,mic_3_thd,mic-3_thd_10000.0,-inf , 1.0,10000.0
1017,mic_3_seal_chirp,mic-3_seal_chirp_00100.0,25.0 , +inf,100.0
1018,mic_3_seal_chirp,mic-3_seal_chirp_00106.0,25.8 , +inf,106.0
1019,mic_3_seal_chirp,mic-3_seal_chirp_00112.0,26.6 , +inf,112.0
1020,mic_3_seal_chirp,mic-3_seal_chirp_00118.0,27.4 , +inf,118.0
1021,mic_3_seal_chirp,mic-3_seal_chirp_00125.0,28.2 , +inf,125.0
1022,mic_3_seal_chirp,mic-3_seal_chirp_00132.0,29.0 , +inf,132.0
1023,mic_3_seal_chirp,mic-3_seal_chirp_00140.0,29.9 , +inf,140.0
1024,mic_3_seal_chirp,mic-3_seal_chirp_00150.0,30.8 , +inf,150.0
1025,mic_3_seal_chirp,mic-3_seal_chirp_00160.0,31.8 , +inf,160.0
1026,mic_3_seal_chirp,mic-3_seal_chirp_00170.0,32.7 , +inf,170.0
1027,mic_3_seal_chirp,mic-3_seal_chirp_00180.0,33.5 , +inf,180.0
1028,mic_3_seal_chirp,mic-3_seal_chirp_00190.0,34.3 , +inf,190.0
1029,mic_3_seal_chirp,mic-3_seal_chirp_00200.0,35.0 , +inf,200.0
1030,mic_3_seal_chirp,mic-3_seal_chirp_00212.0,35.0 , +inf,212.0
1031,mic_3_seal_chirp,mic-3_seal_chirp_00224.0,35.0 , +inf,224.0
1032,mic_3_seal_chirp,mic-3_seal_chirp_00236.0,35.0 , +inf,236.0
1033,mic_3_seal_chirp,mic-3_seal_chirp_00250.0,35.0 , +inf,250.0
1034,mic_3_seal_chirp,mic-3_seal_chirp_00265.0,35.0 , +inf,265.0
1035,mic_3_seal_chirp,mic-3_seal_chirp_00280.0,35.0 , +inf,280.0
1036,mic_3_seal_chirp,mic-3_seal_chirp_00300.0,35.0 , +inf,300.0
1037,mic_3_seal_chirp,mic-3_seal_chirp_00315.0,35.0 , +inf,315.0
1038,mic_3_seal_chirp,mic-3_seal_chirp_00335.0,35.0 , +inf,335.0
1039,mic_3_seal_chirp,mic-3_seal_chirp_00355.0,35.0 , +inf,355.0
1040,mic_3_seal_chirp,mic-3_seal_chirp_00375.0,35.0 , +inf,375.0
1041,mic_3_seal_chirp,mic-3_seal_chirp_00400.0,35.0 , +inf,400.0
1042,mic_3_seal_chirp,mic-3_seal_chirp_00425.0,35.0 , +inf,425.0
1043,mic_3_seal_chirp,mic-3_seal_chirp_00450.0,35.0 , +inf,450.0
1044,mic_3_seal_chirp,mic-3_seal_chirp_00475.0,35.0 , +inf,475.0
1045,mic_3_seal_chirp,mic-3_seal_chirp_00500.0,35.0 , +inf,500.0
1046,mic_3_seal_chirp,mic-3_seal_chirp_00530.0,35.0 , +inf,530.0
1047,mic_3_seal_chirp,mic-3_seal_chirp_00560.0,35.0 , +inf,560.0
1048,mic_3_seal_chirp,mic-3_seal_chirp_00600.0,35.0 , +inf,600.0
1049,mic_3_seal_chirp,mic-3_seal_chirp_00630.0,35.0 , +inf,630.0
1050,mic_3_seal_chirp,mic-3_seal_chirp_00670.0,35.0 , +inf,670.0
1051,mic_3_seal_chirp,mic-3_seal_chirp_00710.0,35.0 , +inf,710.0
1052,mic_3_seal_chirp,mic-3_seal_chirp_00750.0,35.0 , +inf,750.0
1053,mic_3_seal_chirp,mic-3_seal_chirp_00800.0,35.0 , +inf,800.0
1054,mic_3_seal_chirp,mic-3_seal_chirp_00850.0,35.0 , +inf,850.0
1055,mic_3_seal_chirp,mic-3_seal_chirp_00900.0,35.0 , +inf,900.0
1056,mic_3_seal_chirp,mic-3_seal_chirp_00950.0,35.0 , +inf,950.0
1057,mic_3_seal_chirp,mic-3_seal_chirp_01000.0,35.0 , +inf,1000.0
1058,mic_3_seal_chirp,mic-3_seal_chirp_01060.0,35.0 , +inf,1060.0
1059,mic_3_seal_chirp,mic-3_seal_chirp_01120.0,35.0 , +inf,1120.0
1060,mic_3_seal_chirp,mic-3_seal_chirp_01180.0,35.0 , +inf,1180.0
1061,mic_3_seal_chirp,mic-3_seal_chirp_01250.0,35.0 , +inf,1250.0
1062,mic_3_seal_chirp,mic-3_seal_chirp_01320.0,35.0 , +inf,1320.0
1063,mic_3_seal_chirp,mic-3_seal_chirp_01400.0,35.0 , +inf,1400.0
1064,mic_3_seal_chirp,mic-3_seal_chirp_01500.0,35.0 , +inf,1500.0
1065,mic_3_seal_chirp,mic-3_seal_chirp_01600.0,35.0 , +inf,1600.0
1066,mic_3_seal_chirp,mic-3_seal_chirp_01700.0,35.0 , +inf,1700.0
1067,mic_3_seal_chirp,mic-3_seal_chirp_01800.0,35.0 , +inf,1800.0
1068,mic_3_seal_chirp,mic-3_seal_chirp_01900.0,35.0 , +inf,1900.0
1069,mic_3_seal_chirp,mic-3_seal_chirp_02000.0,35.0 , +inf,2000.0
1070,mic_3_seal_chirp,mic-3_seal_chirp_02120.0,35.0 , +inf,2120.0
1071,mic_3_seal_chirp,mic-3_seal_chirp_02240.0,35.0 , +inf,2240.0
1072,mic_3_seal_chirp,mic-3_seal_chirp_02360.0,35.0 , +inf,2360.0
1073,mic_3_seal_chirp,mic-3_seal_chirp_02500.0,35.0 , +inf,2500.0
1074,mic_3_seal_chirp,mic-3_seal_chirp_02650.0,35.0 , +inf,2650.0
1075,mic_3_seal_chirp,mic-3_seal_chirp_02800.0,35.0 , +inf,2800.0
1076,mic_3_seal_chirp,mic-3_seal_chirp_03000.0,35.0 , +inf,3000.0
1077,mic_3_seal_chirp,mic-3_seal_chirp_03150.0,35.0 , +inf,3150.0
1078,mic_3_seal_chirp,mic-3_seal_chirp_03350.0,35.0 , +inf,3350.0
1079,mic_3_seal_chirp,mic-3_seal_chirp_03550.0,35.0 , +inf,3550.0
1080,mic_3_seal_chirp,mic-3_seal_chirp_03750.0,35.0 , +inf,3750.0
1081,mic_3_seal_chirp,mic-3_seal_chirp_04000.0,35.0 , +inf,4000.0
1082,mic_3_seal_chirp,mic-3_seal_chirp_04250.0,35.0 , +inf,4250.0
1083,mic_3_seal_chirp,mic-3_seal_chirp_04500.0,35.0 , +inf,4500.0
1084,mic_3_seal_chirp,mic-3_seal_chirp_04750.0,35.0 , +inf,4750.0
1085,mic_3_seal_chirp,mic-3_seal_chirp_05000.0,35.0 , +inf,5000.0
1086,mic_3_seal_chirp,mic-3_seal_chirp_05300.0,35.0 , +inf,5300.0
1087,mic_3_seal_chirp,mic-3_seal_chirp_05600.0,35.0 , +inf,5600.0
1088,mic_3_seal_chirp,mic-3_seal_chirp_06000.0,35.0 , +inf,6000.0
1089,mic_3_seal_chirp,mic-3_seal_chirp_06300.0,35.0 , +inf,6300.0
1090,mic_3_seal_chirp,mic-3_seal_chirp_06700.0,35.0 , +inf,6700.0
1091,mic_3_seal_chirp,mic-3_seal_chirp_07100.0,35.0 , +inf,7100.0
1092,mic_3_seal_chirp,mic-3_seal_chirp_07500.0,35.0 , +inf,7500.0
1093,mic_3_seal_chirp,mic-3_seal_chirp_08000.0,35.0 , +inf,8000.0
1094,mic_3_seal_chirp,mic-3_seal_chirp_08500.0,35.0 , +inf,8500.0
1095,mic_3_seal_chirp,mic-3_seal_chirp_09000.0,35.0 , +inf,9000.0
1096,mic_3_seal_chirp,mic-3_seal_chirp_09500.0,35.0 , +inf,9500.0
1097,mic_3_seal_chirp,mic-3_seal_chirp_10000.0,35.0 , +inf,10000.0
1098,mic_3_seal_chirp,mic-3_seal_chirp_10600.0,-inf , +inf,10600.0
1099,mic_3_seal_chirp,mic-3_seal_chirp_11200.0,-inf , +inf,11200.0
1100,mic_3_seal_chirp,mic-3_seal_chirp_11800.0,-inf , +inf,11800.0
1101,mic_3_seal_chirp,mic-3_seal_chirp_12500.0,-inf , +inf,12500.0
1102,mic_3_seal_chirp,mic-3_seal_chirp_13200.0,-inf , +inf,13200.0
1103,mic_3_seal_chirp,mic-3_seal_chirp_14000.0,-inf , +inf,14000.0
1104,mic_3_seal_chirp,mic-3_seal_chirp_15000.0,-inf , +inf,15000.0
1105,mic_3_seal_chirp,mic-3_seal_chirp_16000.0,-inf , +inf,16000.0
1106,mic_3_seal_chirp,mic-3_seal_chirp_17000.0,-inf , +inf,17000.0
1107,mic_3_seal_chirp,mic-3_seal_chirp_18000.0,-inf , +inf,18000.0
1108,mic_3_seal_chirp,mic-3_seal_chirp_19000.0,-inf , +inf,19000.0
1109,mic_3_seal_chirp,mic-3_seal_chirp_20000.0,-inf , +inf,20000.0
1110,mic_3_seal_chirp,mic-3_seal_chirp_21200.0,-inf , +inf,21200.0
1111,mic_3_seal_chirp,mic-3_seal_chirp_22400.0,-inf , +inf,22400.0
1112,spk_1_fr,spk-1_fr_00100.0,70.0 , 78.0,100.0
1113,spk_1_fr,spk-1_fr_00106.0,71.2 , 79.2,106.0
1114,spk_1_fr,spk-1_fr_00112.0,72.3 , 80.3,112.0
1115,spk_1_fr,spk-1_fr_00118.0,73.3 , 81.3,118.0
1116,spk_1_fr,spk-1_fr_00125.0,74.4 , 82.4,125.0
1117,spk_1_fr,spk-1_fr_00132.0,75.4 , 83.4,132.0
1118,spk_1_fr,spk-1_fr_00140.0,76.6 , 84.6,140.0
1119,spk_1_fr,spk-1_fr_00150.0,77.9 , 85.9,150.0
1120,spk_1_fr,spk-1_fr_00160.0,79.1 , 87.1,160.0
1121,spk_1_fr,spk-1_fr_00170.0,80.2 , 88.2,170.0
1122,spk_1_fr,spk-1_fr_00180.0,81.2 , 89.2,180.0
1123,spk_1_fr,spk-1_fr_00190.0,82.2 , 90.2,190.0
1124,spk_1_fr,spk-1_fr_00200.0,83.2 , 91.2,200.0
1125,spk_1_fr,spk-1_fr_00212.0,84.3 , 92.3,212.0
1126,spk_1_fr,spk-1_fr_00224.0,85.3 , 93.3,224.0
1127,spk_1_fr,spk-1_fr_00236.0,86.3 , 94.3,236.0
1128,spk_1_fr,spk-1_fr_00250.0,87.4 , 95.4,250.0
1129,spk_1_fr,spk-1_fr_00265.0,88.5 , 96.5,265.0
1130,spk_1_fr,spk-1_fr_00280.0,89.5 , 97.5,280.0
1131,spk_1_fr,spk-1_fr_00300.0,90.9 , 98.9,300.0
1132,spk_1_fr,spk-1_fr_00315.0,91.9 , 99.9,315.0
1133,spk_1_fr,spk-1_fr_00335.0,93.1 , 101.1,335.0
1134,spk_1_fr,spk-1_fr_00355.0,94.3 , 102.3,355.0
1135,spk_1_fr,spk-1_fr_00375.0,95.4 , 103.4,375.0
1136,spk_1_fr,spk-1_fr_00400.0,96.6 , 104.6,400.0
1137,spk_1_fr,spk-1_fr_00425.0,97.7 , 105.7,425.0
1138,spk_1_fr,spk-1_fr_00450.0,98.7 , 106.7,450.0
1139,spk_1_fr,spk-1_fr_00475.0,99.6 , 107.6,475.0
1140,spk_1_fr,spk-1_fr_00500.0,100.3 , 108.3,500.0
1141,spk_1_fr,spk-1_fr_00530.0,101.1 , 109.1,530.0
1142,spk_1_fr,spk-1_fr_00560.0,102.5 , 109.5,560.0
1143,spk_1_fr,spk-1_fr_00600.0,103.5 , 110.5,600.0
1144,spk_1_fr,spk-1_fr_00630.0,104.1 , 111.1,630.0
1145,spk_1_fr,spk-1_fr_00670.0,104.5 , 111.5,670.0
1146,spk_1_fr,spk-1_fr_00710.0,104.7 , 111.7,710.0
1147,spk_1_fr,spk-1_fr_00750.0,105.0 , 112.0,750.0
1148,spk_1_fr,spk-1_fr_00800.0,105.5 , 112.5,800.0
1149,spk_1_fr,spk-1_fr_00850.0,106.5 , 112.5,850.0
1150,spk_1_fr,spk-1_fr_00900.0,106.7 , 112.7,900.0
1151,spk_1_fr,spk-1_fr_00950.0,106.8 , 112.8,950.0
1152,spk_1_fr,spk-1_fr_01000.0,107.0 , 113.0,1000.0
1153,spk_1_fr,spk-1_fr_01060.0,106.9 , 112.9,1060.0
1154,spk_1_fr,spk-1_fr_01120.0,106.8 , 112.8,1120.0
1155,spk_1_fr,spk-1_fr_01180.0,106.5 , 112.5,1180.0
1156,spk_1_fr,spk-1_fr_01250.0,106.1 , 112.1,1250.0
1157,spk_1_fr,spk-1_fr_01320.0,105.7 , 111.7,1320.0
1158,spk_1_fr,spk-1_fr_01400.0,105.6 , 111.6,1400.0
1159,spk_1_fr,spk-1_fr_01500.0,105.8 , 111.8,1500.0
1160,spk_1_fr,spk-1_fr_01600.0,105.8 , 111.8,1600.0
1161,spk_1_fr,spk-1_fr_01700.0,104.9 , 110.9,1700.0
1162,spk_1_fr,spk-1_fr_01800.0,104.3 , 110.3,1800.0
1163,spk_1_fr,spk-1_fr_01900.0,104.7 , 110.7,1900.0
1164,spk_1_fr,spk-1_fr_02000.0,105.2 , 111.2,2000.0
1165,spk_1_fr,spk-1_fr_02120.0,104.9 , 111.9,2120.0
1166,spk_1_fr,spk-1_fr_02240.0,104.9 , 111.9,2240.0
1167,spk_1_fr,spk-1_fr_02360.0,105.0 , 112.0,2360.0
1168,spk_1_fr,spk-1_fr_02500.0,104.8 , 111.8,2500.0
1169,spk_1_fr,spk-1_fr_02650.0,104.6 , 111.6,2650.0
1170,spk_1_fr,spk-1_fr_02800.0,104.5 , 111.5,2800.0
1171,spk_1_fr,spk-1_fr_03000.0,106.3 , 113.3,3000.0
1172,spk_1_fr,spk-1_fr_03150.0,107.8 , 114.8,3150.0
1173,spk_1_fr,spk-1_fr_03350.0,109.5 , 117.5,3350.0
1174,spk_1_fr,spk-1_fr_03550.0,112.3 , 120.3,3550.0
1175,spk_1_fr,spk-1_fr_03750.0,114.3 , 123.3,3750.0
1176,spk_1_fr,spk-1_fr_04000.0,114.4 , 125.2,4000.0
1177,spk_1_fr,spk-1_fr_04250.0,112.6 , 124.2,4250.0
1178,spk_1_fr,spk-1_fr_04500.0,108.0 , 119.6,4500.0
1179,spk_1_fr,spk-1_fr_04750.0,104.2 , 116.2,4750.0
1180,spk_1_fr,spk-1_fr_05000.0,102.1 , 113.8,5000.0
1181,spk_1_fr,spk-1_fr_05300.0,99.3 , 110.7,5300.0
1182,spk_1_fr,spk-1_fr_05600.0,97.9 , 108.8,5600.0
1183,spk_1_fr,spk-1_fr_06000.0,97.3 , 107.9,6000.0
1184,spk_1_fr,spk-1_fr_06300.0,94.9 , 105.2,6300.0
1185,spk_1_fr,spk-1_fr_06700.0,91.5 , 101.6,6700.0
1186,spk_1_fr,spk-1_fr_07100.0,90.5 , 100.6,7100.0
1187,spk_1_fr,spk-1_fr_07500.0,91.0 , 101.3,7500.0
1188,spk_1_fr,spk-1_fr_08000.0,91.5 , 102.4,8000.0
1189,spk_1_fr,spk-1_fr_08500.0,90.9 , 101.9,8500.0
1190,spk_1_fr,spk-1_fr_09000.0,89.1 , 100.9,9000.0
1191,spk_1_fr,spk-1_fr_09500.0,88.2 , 100.1,9500.0
1192,spk_1_fr,spk-1_fr_10000.0,85.9 , 97.9,10000.0
1193,spk_1_fr,spk-1_fr_10600.0,-inf , +inf,10600.0
1194,spk_1_fr,spk-1_fr_11200.0,-inf , +inf,11200.0
1195,spk_1_fr,spk-1_fr_11800.0,-inf , +inf,11800.0
1196,spk_1_fr,spk-1_fr_12500.0,-inf , +inf,12500.0
1197,spk_1_fr,spk-1_fr_13200.0,-inf , +inf,13200.0
1198,spk_1_fr,spk-1_fr_14000.0,-inf , +inf,14000.0
1199,spk_1_fr,spk-1_fr_15000.0,-inf , +inf,15000.0
1200,spk_1_fr,spk-1_fr_16000.0,-inf , +inf,16000.0
1201,spk_1_fr,spk-1_fr_17000.0,-inf , +inf,17000.0
1202,spk_1_fr,spk-1_fr_18000.0,-inf , +inf,18000.0
1203,spk_1_fr,spk-1_fr_19000.0,-inf , +inf,19000.0
1204,spk_1_fr,spk-1_fr_20000.0,-inf , +inf,20000.0
1205,spk_1_fr,spk-1_fr_21200.0,-inf , +inf,21200.0
1206,spk_1_fr,spk-1_fr_22400.0,-inf , +inf,22400.0
1207,spk_1_fr,spk-1_fr_23600.0,-inf , +inf,23600.0
1208,spk_1_thd,spk-1_thd_00100.0,-inf , 80.0,100.0
1209,spk_1_thd,spk-1_thd_00106.0,-inf , 83.4,106.0
1210,spk_1_thd,spk-1_thd_00112.0,-inf , 86.5,112.0
1211,spk_1_thd,spk-1_thd_00118.0,-inf , 89.6,118.0
1212,spk_1_thd,spk-1_thd_00125.0,-inf , 92.9,125.0
1213,spk_1_thd,spk-1_thd_00132.0,-inf , 96.0,132.0
1214,spk_1_thd,spk-1_thd_00140.0,-inf , 99.4,140.0
1215,spk_1_thd,spk-1_thd_00150.0,-inf , 103.4,150.0
1216,spk_1_thd,spk-1_thd_00160.0,-inf , 107.1,160.0
1217,spk_1_thd,spk-1_thd_00170.0,-inf , 110.6,170.0
1218,spk_1_thd,spk-1_thd_00180.0,-inf , 113.9,180.0
1219,spk_1_thd,spk-1_thd_00190.0,-inf , 117.0,190.0
1220,spk_1_thd,spk-1_thd_00200.0,-inf , 120.0,200.0
1221,spk_1_thd,spk-1_thd_00212.0,-inf , 120.0,212.0
1222,spk_1_thd,spk-1_thd_00224.0,-inf , 120.0,224.0
1223,spk_1_thd,spk-1_thd_00236.0,-inf , 120.0,236.0
1224,spk_1_thd,spk-1_thd_00250.0,-inf , 120.0,250.0
1225,spk_1_thd,spk-1_thd_00265.0,-inf , 120.0,265.0
1226,spk_1_thd,spk-1_thd_00280.0,-inf , 120.0,280.0
1227,spk_1_thd,spk-1_thd_00300.0,-inf , 120.0,300.0
1228,spk_1_thd,spk-1_thd_00315.0,-inf , 120.0,315.0
1229,spk_1_thd,spk-1_thd_00335.0,-inf , 110.7,335.0
1230,spk_1_thd,spk-1_thd_00355.0,-inf , 101.9,355.0
1231,spk_1_thd,spk-1_thd_00375.0,-inf , 93.6,375.0
1232,spk_1_thd,spk-1_thd_00400.0,-inf , 83.8,400.0
1233,spk_1_thd,spk-1_thd_00425.0,-inf , 74.6,425.0
1234,spk_1_thd,spk-1_thd_00450.0,-inf , 66.0,450.0
1235,spk_1_thd,spk-1_thd_00475.0,-inf , 57.8,475.0
1236,spk_1_thd,spk-1_thd_00500.0,-inf , 50.0,500.0
1237,spk_1_thd,spk-1_thd_00530.0,-inf , 45.4,530.0
1238,spk_1_thd,spk-1_thd_00560.0,-inf , 41.1,560.0
1239,spk_1_thd,spk-1_thd_00600.0,-inf , 35.6,600.0
1240,spk_1_thd,spk-1_thd_00630.0,-inf , 31.8,630.0
1241,spk_1_thd,spk-1_thd_00670.0,-inf , 26.9,670.0
1242,spk_1_thd,spk-1_thd_00710.0,-inf , 24.9,710.0
1243,spk_1_thd,spk-1_thd_00750.0,-inf , 23.0,750.0
1244,spk_1_thd,spk-1_thd_00800.0,-inf , 20.7,800.0
1245,spk_1_thd,spk-1_thd_00850.0,-inf , 18.6,850.0
1246,spk_1_thd,spk-1_thd_00900.0,-inf , 16.7,900.0
1247,spk_1_thd,spk-1_thd_00950.0,-inf , 14.8,950.0
1248,spk_1_thd,spk-1_thd_01000.0,-inf , 13.0,1000.0
1249,spk_1_thd,spk-1_thd_01060.0,-inf , 13.0,1060.0
1250,spk_1_thd,spk-1_thd_01120.0,-inf , 13.0,1120.0
1251,spk_1_thd,spk-1_thd_01180.0,-inf , 13.0,1180.0
1252,spk_1_thd,spk-1_thd_01250.0,-inf , 13.0,1250.0
1253,spk_1_thd,spk-1_thd_01320.0,-inf , 13.0,1320.0
1254,spk_1_thd,spk-1_thd_01400.0,-inf , 13.0,1400.0
1255,spk_1_thd,spk-1_thd_01500.0,-inf , 13.0,1500.0
1256,spk_1_thd,spk-1_thd_01600.0,-inf , 13.0,1600.0
1257,spk_1_thd,spk-1_thd_01700.0,-inf , 13.0,1700.0
1258,spk_1_thd,spk-1_thd_01800.0,-inf , 13.0,1800.0
1259,spk_1_thd,spk-1_thd_01900.0,-inf , 13.0,1900.0
1260,spk_1_thd,spk-1_thd_02000.0,-inf , 13.0,2000.0
1261,spk_1_thd,spk-1_thd_02120.0,-inf , 13.0,2120.0
1262,spk_1_thd,spk-1_thd_02240.0,-inf , 11.5,2240.0
1263,spk_1_thd,spk-1_thd_02360.0,-inf , 10.0,2360.0
1264,spk_1_thd,spk-1_thd_02500.0,-inf , 10.0,2500.0
1265,spk_1_thd,spk-1_thd_02650.0,-inf , 10.0,2650.0
1266,spk_1_thd,spk-1_thd_02800.0,-inf , 10.0,2800.0
1267,spk_1_thd,spk-1_thd_03000.0,-inf , 10.0,3000.0
1268,spk_1_thd,spk-1_thd_03150.0,-inf , 10.0,3150.0
1269,spk_1_thd,spk-1_thd_03350.0,-inf , 10.0,3350.0
1270,spk_1_thd,spk-1_thd_03550.0,-inf , 10.0,3550.0
1271,spk_1_thd,spk-1_thd_03750.0,-inf , 10.0,3750.0
1272,spk_1_thd,spk-1_thd_04000.0,-inf , 10.0,4000.0
1273,spk_1_thd,spk-1_thd_04250.0,-inf , 10.0,4250.0
1274,spk_1_thd,spk-1_thd_04500.0,-inf , 10.0,4500.0
1275,spk_1_thd,spk-1_thd_04750.0,-inf , 10.0,4750.0
1276,spk_1_thd,spk-1_thd_05000.0,-inf , 10.0,5000.0
1277,spk_1_thd,spk-1_thd_05300.0,-inf , 10.0,5300.0
1278,spk_1_thd,spk-1_thd_05600.0,-inf , 10.0,5600.0
1279,spk_1_thd,spk-1_thd_06000.0,-inf , 10.0,6000.0
1280,spk_1_thd,spk-1_thd_06300.0,-inf , 10.0,6300.0
1281,spk_1_thd,spk-1_thd_06700.0,-inf , 10.0,6700.0
1282,spk_1_thd,spk-1_thd_07100.0,-inf , 10.0,7100.0
1283,spk_1_thd,spk-1_thd_07500.0,-inf , 10.0,7500.0
1284,spk_1_thd,spk-1_thd_08000.0,-inf , 10.0,8000.0
1285,spk_1_thd,spk-1_thd_08500.0,-inf , 12.7,8500.0
1286,spk_1_thd,spk-1_thd_09000.0,-inf , 15.3,9000.0
1287,spk_1_thd,spk-1_thd_09500.0,-inf , 17.7,9500.0
1288,spk_1_thd,spk-1_thd_10000.0,-inf , 20.0,10000.0
1289,spk_1_rb,spk-1_rb_00100.0,-inf , 4.8,100.0
1290,spk_1_rb,spk-1_rb_00106.0,-inf , 4.4,106.0
1291,spk_1_rb,spk-1_rb_00112.0,-inf , 4.1,112.0
1292,spk_1_rb,spk-1_rb_00118.0,-inf , 3.7,118.0
1293,spk_1_rb,spk-1_rb_00125.0,-inf , 3.3,125.0
1294,spk_1_rb,spk-1_rb_00132.0,-inf , 3.0,132.0
1295,spk_1_rb,spk-1_rb_00140.0,-inf , 2.6,140.0
1296,spk_1_rb,spk-1_rb_00150.0,-inf , 2.1,150.0
1297,spk_1_rb,spk-1_rb_00160.0,-inf , 1.7,160.0
1298,spk_1_rb,spk-1_rb_00170.0,-inf , 1.5,170.0
1299,spk_1_rb,spk-1_rb_00180.0,-inf , 1.5,180.0
1300,spk_1_rb,spk-1_rb_00190.0,-inf , 1.5,190.0
1301,spk_1_rb,spk-1_rb_00200.0,-inf , 1.5,200.0
1302,spk_1_rb,spk-1_rb_00212.0,-inf , 1.5,212.0
1303,spk_1_rb,spk-1_rb_00224.0,-inf , 1.5,224.0
1304,spk_1_rb,spk-1_rb_00236.0,-inf , 1.8,236.0
1305,spk_1_rb,spk-1_rb_00250.0,-inf , 2.1,250.0
1306,spk_1_rb,spk-1_rb_00265.0,-inf , 2.5,265.0
1307,spk_1_rb,spk-1_rb_00280.0,-inf , 2.8,280.0
1308,spk_1_rb,spk-1_rb_00300.0,-inf , 3.2,300.0
1309,spk_1_rb,spk-1_rb_00315.0,-inf , 3.5,315.0
1310,spk_1_rb,spk-1_rb_00335.0,-inf , 3.5,335.0
1311,spk_1_rb,spk-1_rb_00355.0,-inf , 3.5,355.0
1312,spk_1_rb,spk-1_rb_00375.0,-inf , 3.5,375.0
1313,spk_1_rb,spk-1_rb_00400.0,-inf , 3.5,400.0
1314,spk_1_rb,spk-1_rb_00425.0,-inf , 3.5,425.0
1315,spk_1_rb,spk-1_rb_00450.0,-inf , 3.5,450.0
1316,spk_1_rb,spk-1_rb_00475.0,-inf , 3.5,475.0
1317,spk_1_rb,spk-1_rb_00500.0,-inf , 3.3,500.0
1318,spk_1_rb,spk-1_rb_00530.0,-inf , 3.0,530.0
1319,spk_1_rb,spk-1_rb_00560.0,-inf , 2.7,560.0
1320,spk_1_rb,spk-1_rb_00600.0,-inf , 2.4,600.0
1321,spk_1_rb,spk-1_rb_00630.0,-inf , 2.1,630.0
1322,spk_1_rb,spk-1_rb_00670.0,-inf , 1.9,670.0
1323,spk_1_rb,spk-1_rb_00710.0,-inf , 1.6,710.0
1324,spk_1_rb,spk-1_rb_00750.0,-inf , 1.3,750.0
1325,spk_1_rb,spk-1_rb_00800.0,-inf , 1.0,800.0
1326,spk_1_rb,spk-1_rb_00850.0,-inf , 1.0,850.0
1327,spk_1_rb,spk-1_rb_00900.0,-inf , 1.0,900.0
1328,spk_1_rb,spk-1_rb_00950.0,-inf , 1.0,950.0
1329,spk_1_rb,spk-1_rb_01000.0,-inf , 1.0,1000.0
1330,spk_1_rb,spk-1_rb_01060.0,-inf , 1.0,1060.0
1331,spk_1_rb,spk-1_rb_01120.0,-inf , 1.0,1120.0
1332,spk_1_rb,spk-1_rb_01180.0,-inf , 1.0,1180.0
1333,spk_1_rb,spk-1_rb_01250.0,-inf , 1.0,1250.0
1334,spk_1_rb,spk-1_rb_01320.0,-inf , 1.0,1320.0
1335,spk_1_rb,spk-1_rb_01400.0,-inf , 1.0,1400.0
1336,spk_1_rb,spk-1_rb_01500.0,-inf , 1.0,1500.0
1337,spk_1_rb,spk-1_rb_01600.0,-inf , 1.0,1600.0
1338,spk_1_rb,spk-1_rb_01700.0,-inf , 1.0,1700.0
1339,spk_1_rb,spk-1_rb_01800.0,-inf , 1.0,1800.0
1340,spk_1_rb,spk-1_rb_01900.0,-inf , 1.0,1900.0
1341,spk_1_rb,spk-1_rb_02000.0,-inf , 1.0,2000.0
1438,spk_2_fr,spk-2_fr_00100.0,75.1 , 83.1,100.0
1439,spk_2_fr,spk-2_fr_00106.0,76.2 , 84.2,106.0
1440,spk_2_fr,spk-2_fr_00112.0,77.2 , 85.2,112.0
1441,spk_2_fr,spk-2_fr_00118.0,78.2 , 86.2,118.0
1442,spk_2_fr,spk-2_fr_00125.0,79.3 , 87.3,125.0
1443,spk_2_fr,spk-2_fr_00132.0,80.4 , 88.4,132.0
1444,spk_2_fr,spk-2_fr_00140.0,81.5 , 89.5,140.0
1445,spk_2_fr,spk-2_fr_00150.0,82.9 , 90.9,150.0
1446,spk_2_fr,spk-2_fr_00160.0,84.2 , 92.2,160.0
1447,spk_2_fr,spk-2_fr_00170.0,85.4 , 93.4,170.0
1448,spk_2_fr,spk-2_fr_00180.0,86.5 , 94.5,180.0
1449,spk_2_fr,spk-2_fr_00190.0,87.6 , 95.6,190.0
1450,spk_2_fr,spk-2_fr_00200.0,88.6 , 96.6,200.0
1451,spk_2_fr,spk-2_fr_00212.0,89.7 , 97.7,212.0
1452,spk_2_fr,spk-2_fr_00224.0,90.8 , 98.8,224.0
1453,spk_2_fr,spk-2_fr_00236.0,91.8 , 99.8,236.0
1454,spk_2_fr,spk-2_fr_00250.0,93.0 , 101.0,250.0
1455,spk_2_fr,spk-2_fr_00265.0,94.0 , 102.0,265.0
1456,spk_2_fr,spk-2_fr_00280.0,95.1 , 103.1,280.0
1457,spk_2_fr,spk-2_fr_00300.0,96.4 , 104.4,300.0
1458,spk_2_fr,spk-2_fr_00315.0,97.2 , 105.2,315.0
1459,spk_2_fr,spk-2_fr_00335.0,98.3 , 106.3,335.0
1460,spk_2_fr,spk-2_fr_00355.0,99.2 , 107.2,355.0
1461,spk_2_fr,spk-2_fr_00375.0,100.1 , 108.1,375.0
1462,spk_2_fr,spk-2_fr_00400.0,101.2 , 109.2,400.0
1463,spk_2_fr,spk-2_fr_00425.0,102.0 , 110.0,425.0
1464,spk_2_fr,spk-2_fr_00450.0,102.7 , 110.9,450.0
1465,spk_2_fr,spk-2_fr_00475.0,103.2 , 111.4,475.0
1466,spk_2_fr,spk-2_fr_00500.0,103.5 , 111.9,500.0
1467,spk_2_fr,spk-2_fr_00530.0,103.8 , 112.2,530.0
1468,spk_2_fr,spk-2_fr_00560.0,104.9 , 112.7,560.0
1469,spk_2_fr,spk-2_fr_00600.0,105.8 , 113.2,600.0
1470,spk_2_fr,spk-2_fr_00630.0,106.3 , 113.7,630.0
1471,spk_2_fr,spk-2_fr_00670.0,107.1 , 114.3,670.0
1472,spk_2_fr,spk-2_fr_00710.0,107.6 , 114.8,710.0
1473,spk_2_fr,spk-2_fr_00750.0,107.7 , 114.7,750.0
1474,spk_2_fr,spk-2_fr_00800.0,108.0 , 115.0,800.0
1475,spk_2_fr,spk-2_fr_00850.0,108.7 , 114.7,850.0
1476,spk_2_fr,spk-2_fr_00900.0,108.7 , 114.7,900.0
1477,spk_2_fr,spk-2_fr_00950.0,108.7 , 114.7,950.0
1478,spk_2_fr,spk-2_fr_01000.0,108.8 , 114.8,1000.0
1479,spk_2_fr,spk-2_fr_01060.0,108.9 , 114.9,1060.0
1480,spk_2_fr,spk-2_fr_01120.0,109.0 , 115.0,1120.0
1481,spk_2_fr,spk-2_fr_01180.0,108.9 , 114.9,1180.0
1482,spk_2_fr,spk-2_fr_01250.0,108.7 , 114.7,1250.0
1483,spk_2_fr,spk-2_fr_01320.0,108.6 , 114.6,1320.0
1484,spk_2_fr,spk-2_fr_01400.0,108.7 , 114.7,1400.0
1485,spk_2_fr,spk-2_fr_01500.0,108.8 , 114.8,1500.0
1486,spk_2_fr,spk-2_fr_01600.0,109.0 , 115.0,1600.0
1487,spk_2_fr,spk-2_fr_01700.0,109.0 , 115.0,1700.0
1488,spk_2_fr,spk-2_fr_01800.0,109.1 , 115.1,1800.0
1489,spk_2_fr,spk-2_fr_01900.0,109.3 , 115.3,1900.0
1490,spk_2_fr,spk-2_fr_02000.0,109.5 , 115.5,2000.0
1491,spk_2_fr,spk-2_fr_02120.0,109.3 , 116.3,2120.0
1492,spk_2_fr,spk-2_fr_02240.0,109.6 , 116.6,2240.0
1493,spk_2_fr,spk-2_fr_02360.0,109.9 , 116.9,2360.0
1494,spk_2_fr,spk-2_fr_02500.0,110.5 , 117.5,2500.0
1495,spk_2_fr,spk-2_fr_02650.0,111.4 , 118.4,2650.0
1496,spk_2_fr,spk-2_fr_02800.0,112.7 , 119.7,2800.0
1497,spk_2_fr,spk-2_fr_03000.0,114.1 , 121.1,3000.0
1498,spk_2_fr,spk-2_fr_03150.0,114.9 , 121.9,3150.0
1499,spk_2_fr,spk-2_fr_03350.0,115.4 , 122.4,3350.0
1500,spk_2_fr,spk-2_fr_03550.0,116.4 , 124.4,3550.0
1501,spk_2_fr,spk-2_fr_03750.0,116.4 , 124.4,3750.0
1502,spk_2_fr,spk-2_fr_04000.0,116.3 , 125.3,4000.0
1503,spk_2_fr,spk-2_fr_04250.0,116.7 , 125.7,4250.0
1504,spk_2_fr,spk-2_fr_04500.0,117.0 , 126.0,4500.0
1505,spk_2_fr,spk-2_fr_04750.0,117.3 , 126.3,4750.0
1506,spk_2_fr,spk-2_fr_05000.0,117.0 , 126.0,5000.0
1507,spk_2_fr,spk-2_fr_05300.0,115.3 , 124.3,5300.0
1508,spk_2_fr,spk-2_fr_05600.0,111.8 , 121.8,5600.0
1509,spk_2_fr,spk-2_fr_06000.0,109.4 , 119.1,6000.0
1510,spk_2_fr,spk-2_fr_06300.0,108.1 , 117.7,6300.0
1511,spk_2_fr,spk-2_fr_06700.0,106.4 , 115.9,6700.0
1512,spk_2_fr,spk-2_fr_07100.0,106.4 , 115.8,7100.0
1513,spk_2_fr,spk-2_fr_07500.0,106.1 , 115.8,7500.0
1514,spk_2_fr,spk-2_fr_08000.0,104.4 , 114.8,8000.0
1515,spk_2_fr,spk-2_fr_08500.0,102.3 , 112.7,8500.0
1516,spk_2_fr,spk-2_fr_09000.0,102.8 , 113.4,9000.0
1517,spk_2_fr,spk-2_fr_09500.0,100.8 , 112.4,9500.0
1518,spk_2_fr,spk-2_fr_10000.0,101.3 , 112.8,10000.0
1519,spk_2_fr,spk-2_fr_10600.0,-inf , +inf,10600.0
1520,spk_2_fr,spk-2_fr_11200.0,-inf , +inf,11200.0
1521,spk_2_fr,spk-2_fr_11800.0,-inf , +inf,11800.0
1522,spk_2_fr,spk-2_fr_12500.0,-inf , +inf,12500.0
1523,spk_2_fr,spk-2_fr_13200.0,-inf , +inf,13200.0
1524,spk_2_fr,spk-2_fr_14000.0,-inf , +inf,14000.0
1525,spk_2_fr,spk-2_fr_15000.0,-inf , +inf,15000.0
1526,spk_2_fr,spk-2_fr_16000.0,-inf , +inf,16000.0
1527,spk_2_fr,spk-2_fr_17000.0,-inf , +inf,17000.0
1528,spk_2_fr,spk-2_fr_18000.0,-inf , +inf,18000.0
1529,spk_2_fr,spk-2_fr_19000.0,-inf , +inf,19000.0
1530,spk_2_fr,spk-2_fr_20000.0,-inf , +inf,20000.0
1531,spk_2_fr,spk-2_fr_21200.0,-inf , +inf,21200.0
1532,spk_2_fr,spk-2_fr_22400.0,-inf , +inf,22400.0
1533,spk_2_fr,spk-2_fr_23600.0,-inf , +inf,23600.0
1534,spk_2_thd,spk-2_thd_00100.0,-inf , 90.0,100.0
1535,spk_2_thd,spk-2_thd_00106.0,-inf , 89.2,106.0
1536,spk_2_thd,spk-2_thd_00112.0,-inf , 88.4,112.0
1537,spk_2_thd,spk-2_thd_00118.0,-inf , 87.6,118.0
1538,spk_2_thd,spk-2_thd_00125.0,-inf , 86.8,125.0
1539,spk_2_thd,spk-2_thd_00132.0,-inf , 86.0,132.0
1540,spk_2_thd,spk-2_thd_00140.0,-inf , 85.1,140.0
1541,spk_2_thd,spk-2_thd_00150.0,-inf , 84.2,150.0
1542,spk_2_thd,spk-2_thd_00160.0,-inf , 83.2,160.0
1543,spk_2_thd,spk-2_thd_00170.0,-inf , 82.3,170.0
1544,spk_2_thd,spk-2_thd_00180.0,-inf , 81.5,180.0
1545,spk_2_thd,spk-2_thd_00190.0,-inf , 80.7,190.0
1546,spk_2_thd,spk-2_thd_00200.0,-inf , 80.0,200.0
1547,spk_2_thd,spk-2_thd_00212.0,-inf , 76.4,212.0
1548,spk_2_thd,spk-2_thd_00224.0,-inf , 73.0,224.0
1549,spk_2_thd,spk-2_thd_00236.0,-inf , 69.7,236.0
1550,spk_2_thd,spk-2_thd_00250.0,-inf , 66.1,250.0
1551,spk_2_thd,spk-2_thd_00265.0,-inf , 62.5,265.0
1552,spk_2_thd,spk-2_thd_00280.0,-inf , 59.1,280.0
1553,spk_2_thd,spk-2_thd_00300.0,-inf , 54.8,300.0
1554,spk_2_thd,spk-2_thd_00315.0,-inf , 51.7,315.0
1555,spk_2_thd,spk-2_thd_00335.0,-inf , 47.9,335.0
1556,spk_2_thd,spk-2_thd_00355.0,-inf , 44.3,355.0
1557,spk_2_thd,spk-2_thd_00375.0,-inf , 40.9,375.0
1558,spk_2_thd,spk-2_thd_00400.0,-inf , 36.9,400.0
1559,spk_2_thd,spk-2_thd_00425.0,-inf , 33.1,425.0
1560,spk_2_thd,spk-2_thd_00450.0,-inf , 29.6,450.0
1561,spk_2_thd,spk-2_thd_00475.0,-inf , 26.2,475.0
1562,spk_2_thd,spk-2_thd_00500.0,-inf , 23.0,500.0
1563,spk_2_thd,spk-2_thd_00530.0,-inf , 21.3,530.0
1564,spk_2_thd,spk-2_thd_00560.0,-inf , 19.8,560.0
1565,spk_2_thd,spk-2_thd_00600.0,-inf , 17.8,600.0
1566,spk_2_thd,spk-2_thd_00630.0,-inf , 16.4,630.0
1567,spk_2_thd,spk-2_thd_00670.0,-inf , 14.7,670.0
1568,spk_2_thd,spk-2_thd_00710.0,-inf , 13.0,710.0
1569,spk_2_thd,spk-2_thd_00750.0,-inf , 12.1,750.0
1570,spk_2_thd,spk-2_thd_00800.0,-inf , 11.0,800.0
1571,spk_2_thd,spk-2_thd_00850.0,-inf , 10.0,850.0
1572,spk_2_thd,spk-2_thd_00900.0,-inf , 10.0,900.0
1573,spk_2_thd,spk-2_thd_00950.0,-inf , 10.0,950.0
1574,spk_2_thd,spk-2_thd_01000.0,-inf , 10.0,1000.0
1575,spk_2_thd,spk-2_thd_01060.0,-inf , 11.0,1060.0
1576,spk_2_thd,spk-2_thd_01120.0,-inf , 12.0,1120.0
1577,spk_2_thd,spk-2_thd_01180.0,-inf , 13.0,1180.0
1578,spk_2_thd,spk-2_thd_01250.0,-inf , 13.0,1250.0
1579,spk_2_thd,spk-2_thd_01320.0,-inf , 13.0,1320.0
1580,spk_2_thd,spk-2_thd_01400.0,-inf , 13.0,1400.0
1581,spk_2_thd,spk-2_thd_01500.0,-inf , 13.0,1500.0
1582,spk_2_thd,spk-2_thd_01600.0,-inf , 13.0,1600.0
1583,spk_2_thd,spk-2_thd_01700.0,-inf , 13.0,1700.0
1584,spk_2_thd,spk-2_thd_01800.0,-inf , 13.0,1800.0
1585,spk_2_thd,spk-2_thd_01900.0,-inf , 12.3,1900.0
1586,spk_2_thd,spk-2_thd_02000.0,-inf , 11.6,2000.0
1587,spk_2_thd,spk-2_thd_02120.0,-inf , 10.8,2120.0
1588,spk_2_thd,spk-2_thd_02240.0,-inf , 10.0,2240.0
1589,spk_2_thd,spk-2_thd_02360.0,-inf , 10.0,2360.0
1590,spk_2_thd,spk-2_thd_02500.0,-inf , 10.0,2500.0
1591,spk_2_thd,spk-2_thd_02650.0,-inf , 10.0,2650.0
1592,spk_2_thd,spk-2_thd_02800.0,-inf , 10.0,2800.0
1593,spk_2_thd,spk-2_thd_03000.0,-inf , 10.0,3000.0
1594,spk_2_thd,spk-2_thd_03150.0,-inf , 10.0,3150.0
1595,spk_2_thd,spk-2_thd_03350.0,-inf , 10.0,3350.0
1596,spk_2_thd,spk-2_thd_03550.0,-inf , 10.0,3550.0
1597,spk_2_thd,spk-2_thd_03750.0,-inf , 10.0,3750.0
1598,spk_2_thd,spk-2_thd_04000.0,-inf , 10.0,4000.0
1599,spk_2_thd,spk-2_thd_04250.0,-inf , 10.0,4250.0
1600,spk_2_thd,spk-2_thd_04500.0,-inf , 10.0,4500.0
1601,spk_2_thd,spk-2_thd_04750.0,-inf , 10.0,4750.0
1602,spk_2_thd,spk-2_thd_05000.0,-inf , 10.0,5000.0
1603,spk_2_thd,spk-2_thd_05300.0,-inf , 10.0,5300.0
1604,spk_2_thd,spk-2_thd_05600.0,-inf , 10.0,5600.0
1605,spk_2_thd,spk-2_thd_06000.0,-inf , 10.0,6000.0
1606,spk_2_thd,spk-2_thd_06300.0,-inf , 10.0,6300.0
1607,spk_2_thd,spk-2_thd_06700.0,-inf , 10.0,6700.0
1608,spk_2_thd,spk-2_thd_07100.0,-inf , 10.0,7100.0
1609,spk_2_thd,spk-2_thd_07500.0,-inf , 10.0,7500.0
1610,spk_2_thd,spk-2_thd_08000.0,-inf , 10.0,8000.0
1611,spk_2_thd,spk-2_thd_08500.0,-inf , 10.0,8500.0
1612,spk_2_thd,spk-2_thd_09000.0,-inf , 10.0,9000.0
1613,spk_2_thd,spk-2_thd_09500.0,-inf , 10.0,9500.0
1614,spk_2_thd,spk-2_thd_10000.0,-inf , 10.0,10000.0
1615,spk_2_rb,spk-2_rb_00100.0,-inf , 2.5,100.0
1616,spk_2_rb,spk-2_rb_00106.0,-inf , 2.3,106.0
1617,spk_2_rb,spk-2_rb_00112.0,-inf , 2.2,112.0
1618,spk_2_rb,spk-2_rb_00118.0,-inf , 2.0,118.0
1619,spk_2_rb,spk-2_rb_00125.0,-inf , 1.8,125.0
1620,spk_2_rb,spk-2_rb_00132.0,-inf , 1.7,132.0
1621,spk_2_rb,spk-2_rb_00140.0,-inf , 1.5,140.0
1622,spk_2_rb,spk-2_rb_00150.0,-inf , 1.3,150.0
1623,spk_2_rb,spk-2_rb_00160.0,-inf , 1.1,160.0
1624,spk_2_rb,spk-2_rb_00170.0,-inf , 1.0,170.0
1625,spk_2_rb,spk-2_rb_00180.0,-inf , 1.0,180.0
1626,spk_2_rb,spk-2_rb_00190.0,-inf , 1.0,190.0
1627,spk_2_rb,spk-2_rb_00200.0,-inf , 1.0,200.0
1628,spk_2_rb,spk-2_rb_00212.0,-inf , 1.0,212.0
1629,spk_2_rb,spk-2_rb_00224.0,-inf , 1.0,224.0
1630,spk_2_rb,spk-2_rb_00236.0,-inf , 1.0,236.0
1631,spk_2_rb,spk-2_rb_00250.0,-inf , 1.0,250.0
1632,spk_2_rb,spk-2_rb_00265.0,-inf , 1.1,265.0
1633,spk_2_rb,spk-2_rb_00280.0,-inf , 1.2,280.0
1634,spk_2_rb,spk-2_rb_00300.0,-inf , 1.3,300.0
1635,spk_2_rb,spk-2_rb_00315.0,-inf , 1.4,315.0
1636,spk_2_rb,spk-2_rb_00335.0,-inf , 1.5,335.0
1637,spk_2_rb,spk-2_rb_00355.0,-inf , 1.6,355.0
1638,spk_2_rb,spk-2_rb_00375.0,-inf , 1.6,375.0
1639,spk_2_rb,spk-2_rb_00400.0,-inf , 1.6,400.0
1640,spk_2_rb,spk-2_rb_00425.0,-inf , 1.6,425.0
1641,spk_2_rb,spk-2_rb_00450.0,-inf , 1.6,450.0
1642,spk_2_rb,spk-2_rb_00475.0,-inf , 1.6,475.0
1643,spk_2_rb,spk-2_rb_00500.0,-inf , 1.6,500.0
1644,spk_2_rb,spk-2_rb_00530.0,-inf , 1.6,530.0
1645,spk_2_rb,spk-2_rb_00560.0,-inf , 1.6,560.0
1646,spk_2_rb,spk-2_rb_00600.0,-inf , 1.4,600.0
1647,spk_2_rb,spk-2_rb_00630.0,-inf , 1.3,630.0
1648,spk_2_rb,spk-2_rb_00670.0,-inf , 1.1,670.0
1649,spk_2_rb,spk-2_rb_00710.0,-inf , 1.0,710.0
1650,spk_2_rb,spk-2_rb_00750.0,-inf , 1.0,750.0
1651,spk_2_rb,spk-2_rb_00800.0,-inf , 1.0,800.0
1652,spk_2_rb,spk-2_rb_00850.0,-inf , 1.0,850.0
1653,spk_2_rb,spk-2_rb_00900.0,-inf , 1.0,900.0
1654,spk_2_rb,spk-2_rb_00950.0,-inf , 1.0,950.0
1655,spk_2_rb,spk-2_rb_01000.0,-inf , 1.0,1000.0
1656,spk_2_rb,spk-2_rb_01060.0,-inf , 1.0,1060.0
1657,spk_2_rb,spk-2_rb_01120.0,-inf , 1.0,1120.0
1658,spk_2_rb,spk-2_rb_01180.0,-inf , 1.0,1180.0
1659,spk_2_rb,spk-2_rb_01250.0,-inf , 1.0,1250.0
1660,spk_2_rb,spk-2_rb_01320.0,-inf , 1.0,1320.0
1661,spk_2_rb,spk-2_rb_01400.0,-inf , 1.0,1400.0
1662,spk_2_rb,spk-2_rb_01500.0,-inf , 1.0,1500.0
1663,spk_2_rb,spk-2_rb_01600.0,-inf , 1.0,1600.0
1664,spk_2_rb,spk-2_rb_01700.0,-inf , 1.0,1700.0
1665,spk_2_rb,spk-2_rb_01800.0,-inf , 1.0,1800.0
1666,spk_2_rb,spk-2_rb_01900.0,-inf , 1.0,1900.0
1667,spk_2_rb,spk-2_rb_02000.0,-inf , 1.0,2000.0
